CaseMasterID,CrimeNo,CaseNo,CrimeRegisteredDate,PolicePersonID,PoliceStationID,CaseCategoryID,GravityOffenceID,CrimeMajorHeadID,CrimeMinorHeadID,CaseStatusID,CourtID,IncidentFromDate,IncidentToDate,InfoReceivedPSDate,Latitude,Longitude,BriefFacts
1,FIR202600001,CASE202600001,2024-08-10,454,78,1,1,10,29,1,22,2024-08-10 05:21:12,2024-08-10 06:26:12,2024-08-10 06:58:12,15.921561,75.646712,"On 10th August 2024 at approximately 5:21 am, a complaint was filed at Davanagere Town Police Station by Amaira Maharaj regarding sexual harassment committed against her son Advik Maharaj and niece Aarini Dutta by their cousin Advik Maharaj and Aarini Dutta. The incident occurred at their residence in Davanagere"
2,FIR202600002,CASE202600002,2025-02-06,438,172,2,2,12,36,5,50,2025-02-06 08:33:15,2025-02-06 15:47:15,2025-02-06 16:49:15,18.171835,78.269224,"On 6th February 2025 at approximately 8:33 am, Vijayanagara North Police Station received a complaint from Aarush Dutta regarding illegal encroachment of his property by Chaaya Memon and Harinakshi Walla. The complainant alleged that the accused had constructed a structure on his land without proper authorization, causing damage to his property. Further investigation revealed"
3,FIR202600003,CASE202600003,2024-12-31,380,122,2,2,12,35,3,36,2024-12-31 00:31:56,2024-12-31 05:40:56,2024-12-31 06:12:56,15.004819,74.441718,"On 31st December 2024 at approximately 00:31 hours, a complaint was filed by Chaaya Memon, against Jagvi Tata, for vandalizing his property located in Mandya West Police Station jurisdiction, Mandya district. The accused is alleged to have intentionally damaged the complainant's property by spraying paint on the walls and doors, causing damage"
4,FIR202600004,CASE202600004,2026-01-05,57,14,3,2,14,41,5,7,2026-01-04 19:35:10,2026-01-05 01:26:10,2026-01-05 01:36:10,11.710515,74.497,"On 4th January 2026 at approximately 19:35:10 hours, a traffic crime occurred near Tilakwadi Police Station in Belagavi district. Frederick Walla, the complainant, reported that Chandani Batta and Gaurangi Setty were hit by a vehicle driven by Chakradev Batta, Farhan Setty, and Kashvi Bhardw"
5,FIR202600005,CASE202600005,2025-11-23,240,95,4,1,2,6,3,27,2025-11-22 18:02:31,2025-11-23 05:41:31,2025-11-23 07:39:31,18.4142,76.980182,"On 22nd November 2025 at approximately 18:02:31 hours, a chain snatching incident occurred at Hassan North Police Station in Hassan district. The complainant, Chandani Batta, reported that the accused, Liam Sunder, snatched her gold chain worth Rs 10,000 while she was walking on the street. The victim,"
6,FIR202600006,CASE202600006,2026-04-27,316,132,1,2,11,31,3,38,2026-04-27 00:01:13,2026-04-27 02:55:13,2026-04-27 03:29:13,15.920608,77.6343,"On 27th April 2026 at around 1:01 am, Farhan Setty filed a complaint at Hebbal Police Station in Mysuru district regarding money laundering committed by Darika Kothari and Xavier Srivastava. The complainant alleges that the accused had obtained Rs 50 lakhs from him through fraudulent means and then laundered the"
7,FIR202600007,CASE202600007,2024-09-24,426,87,3,2,3,8,3,23,2024-09-23 20:11:02,2024-09-24 00:53:02,2024-09-24 01:32:02,13.376384,78.294135,"On September 23, 2024 at approximately 8:11 PM, a cybercrime was reported to the Dharwad Central Police Station in the district of Dharwad, Karnataka. The complainant, Jagdish Bhardwaj, reported that his friend, Chatura Kothari, had fallen victim to a phishing scam after receiving an email from an unknown sender asking"
8,FIR202600008,CASE202600008,2025-05-23,233,90,2,2,9,27,2,25,2025-05-23 04:32:56,2025-05-23 08:01:56,2025-05-23 08:54:56,12.765578,77.375041,"On 23rd May 2025 at around 4:32 am, Yauvani Seth, the complainant, reported to Gadag West Police Station that her son Xavier Srivastava (Victim) has gone missing since yesterday evening. The Victim was last seen at his residence in the presence of his friend Shaurya Virk (Accused). An investigation revealed that"
9,FIR202600009,CASE202600009,2024-08-13,201,77,2,2,11,32,1,21,2024-08-13 16:07:07,2024-08-13 20:59:07,2024-08-13 21:08:07,18.369887,77.941459,"On 13th August 2024 at around 4:07 PM, Maya Sunder, a resident of Karkala, Dakshina Kannada district, lodged a complaint at Dakshina Kannada Rural Police Station against Yashica Lanka for committing tax fraud. According to the complainant, Yashica Lanka, the accused, who is a businessman"
10,FIR202600010,CASE202600010,2024-12-28,123,118,3,2,4,12,4,34,2024-12-27 17:27:44,2024-12-28 01:23:44,2024-12-28 02:50:44,14.473992,76.676455,"On 27th December 2024 at around 5:27 PM, a complaint was filed at Koppal West Police Station by Chatura Kothari regarding an investment scam committed by Laban Manda and Aarna Choudhury. The victims of the scam are Shaurya Virk and Yashica Lanka, who invested a substantial amount of money in a"
11,FIR202600011,CASE202600011,2025-07-22,176,3,3,2,12,36,4,1,2025-07-22 07:14:25,2025-07-22 17:39:25,2025-07-22 18:30:25,15.969047,74.113851,"On 22nd July 2025 at around 7:14 pm, a complaint was filed by Watika Srivastava on behalf of Madhavi Manda, alleging illegal encroachment of her property by Tanvi Dubey and Parth Mody. The accused are reported to have damaged the complainant's property without any provocation. Further investigation is underway to determine"
12,FIR202600012,CASE202600012,2024-08-11,439,114,4,1,2,4,1,33,2024-08-11 07:43:36,2024-08-11 11:23:36,2024-08-11 11:48:36,12.490679,77.439156,"On 11th August 2024 at approximately 7:43 am, Naksh Bhandari, a resident of Kolar West Police Station in Kolar district, reported a robbery incident that occurred on the National Highway while he was traveling with his colleague Aayush Choudhury. The accused, Anirudh Chopra, allegedly snatched their bag containing cash and"
13,FIR202600013,CASE202600013,2024-12-13,313,169,4,1,10,29,5,50,2024-12-13 11:05:04,2024-12-13 16:40:04,2024-12-13 18:35:04,18.218091,78.185949,"On 13th December 2024 at around 11:05 am, Shaurya Virk, the complainant, lodged a complaint at Vijayanagara Town Police Station, Vijayanagara district, regarding an incident of sexual harassment committed against Tanvi Dubey and Pushti Mody by Bakhshi Narayanan, Nid"
14,FIR202600014,CASE202600014,2025-11-03,99,13,3,1,13,39,3,6,2025-11-03 10:22:09,2025-11-03 12:40:09,2025-11-03 13:40:09,11.716088,74.443388,"On 3rd November 2025 at around 10:22 am, Camp Police Station in Belagavi district received a complaint from Madhavi Manda regarding an organized crime case of smuggling. The complainant alleged that Anjali Chopra and Bakhshi Narayanan were kidnapped by Lakshit Verma, Triya Reddy, and Yagnesh"
15,FIR202600015,CASE202600015,2025-08-20,138,79,3,2,9,25,5,22,2025-08-19 19:44:45,2025-08-19 22:39:45,2025-08-20 00:04:45,15.950609,75.659114,"On 19th August 2025 at around 7:44 pm, Samar Dubey, the complainant, reported to Davanagere East Police Station that his 8-year-old daughter, Nidra Mangat, has gone missing. The missing child was last seen with Anmol Balasubramanian, a known acquaintance of the family, at their residence in Sury"
16,FIR202600016,CASE202600016,2024-12-29,297,23,2,2,3,8,2,8,2024-12-29 00:37:58,2024-12-29 10:26:58,2024-12-29 11:38:58,15.404366,77.330858,"On December 29th, 2024 at approximately 00:37:58 hours, a cybercrime was reported at Bengaluru Rural Town Police Station in Bengaluru Rural district. The complaint was filed by Parth Mody on behalf of Hardik Din and Aryan Krish, who were the victims of phishing attacks carried out by Amara Muni"
17,FIR202600017,CASE202600017,2025-09-21,251,147,1,2,15,44,3,43,2025-09-20 18:10:43,2025-09-20 22:13:43,2025-09-20 22:48:43,16.753036,77.515859,"On September 20, 2025 at approximately 6:10 PM, a public nuisance incident occurred at Shivamogga East Police Station in Shivamogga district. Bhavya Narayanan filed a complaint on behalf of Manya Verma and Sarthak Reddy, who were affected by the accused Oni Pandey, Daksha Hari, and W"
18,FIR202600018,CASE202600018,2026-02-26,304,145,4,2,14,40,5,42,2026-02-26 09:09:44,2026-02-26 12:17:44,2026-02-26 13:46:44,17.560041,73.99443,"On February 26th, 2026 at approximately 9:09am, Ira Din filed a complaint with Ramanagara North Police Station regarding an incident of drunk driving that occurred earlier that morning. The accused, Bishakha Dugar, was seen driving his vehicle erratically and in excess of the speed limit on NH-48, endangering the lives of other road"
19,FIR202600019,CASE202600019,2024-07-28,453,45,4,2,4,12,2,14,2024-07-27 21:15:10,2024-07-28 09:34:10,2024-07-28 10:30:10,15.608945,77.735466,"On 27th July 2024 at approximately 9:15 PM, a fraudulent investment scam was reported to KR Puram Police Station in Bengaluru Urban District. The complainant, Arya Krish, alleged that Falan Lata had deceived Vedhika Gopal into investing in a fake scheme, resulting in financial losses worth lakhs of ru"
20,FIR202600020,CASE202600020,2026-02-23,322,177,4,1,2,4,2,51,2026-02-23 18:43:08,2026-02-23 21:04:08,2026-02-23 21:11:08,11.651645,78.300677,"On 23rd February 2026 at approximately 1843 hours, Manya Verma, a resident of Vijayapura South Police Station jurisdiction, reported a robbery incident that occurred on the National Highway while she was traveling in her car with co-passenger Anmol Balasubramanian. The accused, Anusha Sankaran and Chandani Singhal, way"
21,FIR202600021,CASE202600021,2025-12-08,472,139,1,1,2,6,1,41,2025-12-08 04:46:14,2025-12-08 08:50:14,2025-12-08 10:50:14,14.160861,78.571263,"On 8th December 2025 at around 4:46 am, Triya Reddy, a resident of Raichur West Police Station, reported a chain snatching incident that occurred on Amara Muni, also a resident of the same locality. The accused, Vihaan Sachdev, allegedly snatched a gold chain worth Rs 50,000 from Muni's"
22,FIR202600022,CASE202600022,2025-03-25,75,24,2,1,5,15,4,8,2025-03-25 08:19:41,2025-03-25 12:53:41,2025-03-25 13:14:41,15.441998,77.257414,"On March 25, 2025, at approximately 8:19 am, Bengaluru Rural East Police Station received a complaint from Yagnesh Kanda regarding the murder of his daughter, Damyanti Sant, by her sister-in-law, Tanvi Chander. According to the complainant, Tanvi had been harboring ill feelings towards Damyanti due to cultural and social differences"
23,FIR202600023,CASE202600023,2024-11-12,151,123,4,1,13,38,2,36,2024-11-12 05:21:22,2024-11-12 07:27:22,2024-11-12 08:56:22,15.062855,74.446069,"On 12th November 2024 at around 5:21 am, a complaint was filed by Vihaan Gopal at Mandya North Police Station, Mandya district, regarding an organized crime of extortion committed by Bakhshi Majumdar, Girindra Khare and Advika Dhawan against Keya Shetty and Chaman Khurana. The complain"
24,FIR202600024,CASE202600024,2026-06-13,190,153,1,2,11,33,1,45,2026-06-12 20:32:54,2026-06-12 21:57:54,2026-06-12 23:35:54,12.596715,73.961883,"On 12th June 2026 at approximately 8:32 PM, Tumakuru East Police Station received a complaint from Anmol Balasubramanian regarding a forgery incident involving Noah Pandey and Daksha Hari. The accused, Harinakshi Gill, Pooja Mistry, and Laksh Anand, allegedly forged documents to obtain loans in"
25,FIR202600025,CASE202600025,2025-03-22,383,152,2,2,4,12,4,45,2025-03-22 17:06:38,2025-03-22 20:33:38,2025-03-22 21:01:38,12.565089,74.066069,"On March 22nd, 2025 at approximately 17:06:38 hours, a complaint was filed at Tumakuru Town Police Station by Agastya Muni regarding an investment scam perpetrated by Jeevika Ranganathan and Omisha Kant against Wakeeta Sastry and Turvi Kara. The complainant alleges that the accused had promised"
26,FIR202600026,CASE202600026,2024-09-28,396,146,1,1,8,24,1,43,2024-09-28 00:35:45,2024-09-28 02:16:45,2024-09-28 03:30:45,16.807229,77.540622,"On 28th September 2024 at approximately 00:35 am, a complaint was filed by Damyanti Sant at Shivamogga Town Police Station, Shivamogga district, regarding an incident of drug manufacturing involving Garima Sachdeva and Ikshita Das. The victim, Bishakha Dugar, alleges that the accused duo was found manufact"
27,FIR202600027,CASE202600027,2024-10-01,35,59,2,2,3,8,4,17,2024-09-30 21:15:09,2024-10-01 05:28:09,2024-10-01 07:23:09,13.362878,74.195166,"On 30th September 2024 at around 9:15 pm, a complaint was filed by Keya Shetty at Chikkaballapur East Police Station, regarding a cybercrime incident that occurred earlier that day. The victim, Falguni Lata, reported that she received an email from an unknown sender with a malicious link, which when clicked, compromised her sensitive personal"
28,FIR202600028,CASE202600028,2026-03-26,138,79,1,1,7,20,4,22,2026-03-25 19:20:42,2026-03-26 00:47:42,2026-03-26 02:21:42,15.939821,75.657854,"On 25th March 2026 at approximately 7:40 PM, Anusha Sankaran (victim) was kidnapped by Vyanjana Sen and Oeshi Divan (accused) from outside her residence in Davanagere East Police Station jurisdiction. The complainant, Chaman Khurana, reported that the victim was taken forcefully in a white Tata Safari"
29,FIR202600029,CASE202600029,2025-10-01,225,140,2,1,5,13,1,41,2025-10-01 04:13:12,2025-10-01 15:00:12,2025-10-01 16:14:12,14.189771,78.593815,"On 1st October 2025 at approximately 4:13 am, Raichur North Police Station received a complaint from Oni Pandey regarding the intentional murder of Chandani Singhal and Vihaan Sachdev by Vasana Rastogi and Nitesh Das. The complainant alleges that the accused had a personal enmity with the victims and attacked them with a sharp"
30,FIR202600030,CASE202600030,2026-02-24,272,97,4,2,9,27,2,28,2026-02-24 17:21:14,2026-02-24 18:53:14,2026-02-24 19:08:14,17.385003,77.553349,"On 24th February 2026 at around 17:21:14, a missing person report was filed at Haveri Town Police Station by Chandresh Hari regarding his friend Samar Chander who went missing after they were together at a party in Haveri. The complainant and the victim are known to each other and were last seen together at around 16:00"
31,FIR202600031,CASE202600031,2025-12-31,11,159,2,1,7,19,5,46,2025-12-30 23:03:04,2025-12-31 03:40:04,2025-12-31 05:01:04,12.633604,74.012168,"On 30th December 2025 at approximately 11:03 pm, Tumakuru Rural Police Station received a complaint from Wakeeta Sastry, the parent of Bakhshi Majumdar, who was kidnapped by Vaishnavi Sachdeva and Ekantika Kumer. The complainant alleges that her child was taken away by the accused without any consent"
32,FIR202600032,CASE202600032,2025-08-14,192,127,3,2,15,44,2,38,2025-08-13 13:04:41,2025-08-14 00:49:41,2025-08-14 01:34:41,15.849241,77.657119,"On 13th August 2025 at around 13:04:41 hours, a complaint was filed by Turvi Kara at Devaraja Police Station in Mysuru district regarding a public nuisance created by Nirja Sanghvi. The complainant alleged that the accused had parked her vehicle illegally on the road, obstructing the flow of traffic. Further"
33,FIR202600033,CASE202600033,2026-06-24,292,169,3,1,8,23,1,50,2026-06-24 07:31:48,2026-06-24 09:00:48,2026-06-24 10:24:48,18.23704,78.183472,"On 24th June 2026 at around 7:31 pm, a complaint was filed by Baljiwan Dugar regarding drug trafficking incident that occurred in Vijayanagara Town. The accused, Rudra Mukherjee and Faraj Borra, were involved in the illegal trade of narcotics. Advika Dhawan and Maanas Karan"
34,FIR202600034,CASE202600034,2025-04-22,255,143,2,2,9,26,2,42,2025-04-21 22:18:51,2025-04-22 05:14:51,2025-04-22 05:27:51,17.545473,74.028655,"On 21st April 2025 at around 10:38 PM, Falan Lata, the complainant, reported to Ramanagara East Police Station that Frederick Gill and Pooja Mistry, both adults, have been missing since the previous night. The last time they were seen was when they left their residence in the evening to attend a social gathering in the nearby locality. Their"
35,FIR202600035,CASE202600035,2025-08-25,499,33,3,1,10,30,5,10,2025-08-24 22:30:03,2025-08-25 00:12:03,2025-08-25 02:01:03,15.616924,77.72387,"On 24th August 2025 at around 10:30 pm, Anusha Sankaran, the complainant, lodged a complaint at Electronic City Police Station in Bengaluru Urban district, alleging that Laksh Anand was stalked by Bachittar Narayan and Omya Datta. The accused had been following the victim's movements and making unwanted calls"
36,FIR202600036,CASE202600036,2026-03-13,63,45,2,1,5,13,1,14,2026-03-12 18:32:48,2026-03-13 07:07:48,2026-03-13 07:31:48,15.586857,77.721818,"On March 12th, 2026 at approximately 6:32 PM, a murder occurred at a residential building located in KR Puram Police Station's jurisdiction area of Bengaluru Urban District. The victim, Dominic Chana and Isaiah Ranganathan were found dead with multiple stab wounds inside the building. Three accused, Om Deep, Wahab Hari, and Megh"
37,FIR202600037,CASE202600037,2025-10-12,381,119,3,2,4,12,3,34,2025-10-11 20:01:34,2025-10-12 05:32:34,2025-10-12 06:09:34,14.488362,76.686431,"On 11th October 2025 at around 8:01 pm, a complaint was filed by Vihaan Sachdev at Koppal North Police Station, Koppal district, regarding an investment scam committed by Christopher Mani, Patrick Khosla, and Orinder Khosla. The complainant, along with his wife Omisha Kant and father Faras Sachdeva,"
38,FIR202600038,CASE202600038,2026-04-05,32,112,3,2,1,1,3,33,2026-04-05 01:06:05,2026-04-05 04:46:05,2026-04-05 05:24:05,12.528917,77.401311,"On 5th April 2026 at approximately 1:06 am, Tanvi Chander, the complainant, reported to Kolar Town Police Station that her vehicle, a white Toyota Corolla bearing registration number KA-01-MB-3456, was stolen from outside her residence in Kolar. The accused, Idika Taneja, was identified as the person who took"
39,FIR202600039,CASE202600039,2025-09-12,289,55,4,2,9,25,1,16,2025-09-12 04:10:32,2025-09-12 07:06:32,2025-09-12 08:39:32,12.220283,75.764296,"On September 12, 2025 at approximately 4:10 am, Bhavya Majumdar reported to Chamarajanagar East Police Station that his 8-year-old son, Lakshit Dhillon, went missing from their residence in the area. The complainant stated that he last saw the child at around 9 pm on September 11, 2025 and"
40,FIR202600040,CASE202600040,2025-12-13,210,54,2,1,7,19,1,16,2025-12-12 19:59:50,2025-12-13 01:22:50,2025-12-13 03:22:50,12.269342,75.725495,"On 12th December 2025 at around 7:45 PM, Wazir Sen, a 9-year-old boy, was kidnapped by Pratyush Rajagopal, a 35-year-old man, from near his residence in Chamarajanagar Town. The complainant, Girindra Khare, reported the incident to the police station shortly after."
41,FIR202600041,CASE202600041,2024-08-25,455,18,2,2,11,31,3,7,2024-08-25 05:15:09,2024-08-25 15:11:09,2024-08-25 17:07:09,11.725916,74.434909,"On 25th August 2024 at approximately 05:15:09 pm, Vadgaon Police Station in Belagavi district received a complaint from Advika Dhawan regarding money laundering committed by Daniel Lala, Mason Dugar, and Rushil Srinivas against Oeshi Divan and Vasana Rastogi. According to the complainant,"
42,FIR202600042,CASE202600042,2025-01-03,233,90,2,2,14,40,2,25,2025-01-03 09:35:13,2025-01-03 16:36:13,2025-01-03 17:03:13,12.75315,77.361344,"On 03rd January, 2025 at approximately 9:35 am, a traffic crime was reported at Gadag West Police Station in Gadag district. The complainant, Maanas Karan, alleged that the accused, Ansh Balakrishnan, was driving under the influence of alcohol and caused an accident involving his vehicle and the victim, Omya Das. Further investigation is"
43,FIR202600043,CASE202600043,2025-02-17,325,84,2,1,5,13,1,23,2025-02-16 16:50:13,2025-02-17 00:45:13,2025-02-17 00:54:13,13.363306,78.321551,"On 16th February 2025 at approximately 4:50 pm, a murder occurred at 100, Main Road, Dharwad West Police Station, Dharwad district. The complainant, Harinakshi Gill, reported that her husband, Isaiah Sanghvi, was intentionally murdered by Sarthak Sule. Further investigation revealed that the accused and victim were known to"
44,FIR202600044,CASE202600044,2024-09-18,176,3,4,2,6,17,2,1,2024-09-18 16:36:14,2024-09-18 20:37:14,2024-09-18 22:06:14,15.933115,74.122267,"On September 18, 2024 at approximately 4:36 PM, Orinder Mistry filed a complaint at Bagalkote West Police Station in Bagalkote district, Karnataka, India, alleging that Ekavir Chatterjee and Jai Kale had seriously assaulted Raghav Saini."
45,FIR202600045,CASE202600045,2025-01-07,488,162,1,1,13,38,3,48,2025-01-06 22:11:15,2025-01-07 09:43:15,2025-01-07 10:39:15,15.051365,74.49197,"On January 6th, 2025 at approximately 10:11 PM, Mahika Anand filed a complaint at Udupi West Police Station in Udupi district regarding an organized crime incident involving extortion. The victim, Vaishnavi Sachdeva and Ekapad Kumer, reported that they were threatened and demanded money by Atharv Hayer, Yashoda Ratti,"
46,FIR202600046,CASE202600046,2024-10-04,468,133,1,1,2,5,2,38,2024-10-03 23:20:51,2024-10-04 09:36:51,2024-10-04 09:45:51,15.917298,77.606668,"On 3rd October 2024 at approximately 11:40 PM, Isaiah Ranganathan, a resident of Jayalakshmipuram, Mysuru reported to the police station that his wife Nirja Sanghvi was robbed of cash and valuables worth Rs. 50,000 by Zansi Puri at the Bank of Baroda branch located on"
47,FIR202600047,CASE202600047,2025-02-08,414,110,3,1,7,21,5,32,2025-02-08 11:27:56,2025-02-08 13:51:56,2025-02-08 15:51:56,12.99431,76.288852,"On 8th February 2025 at around 11:27 am, Kodagu West Police Station received a complaint from Omisha Kant regarding the kidnapping of Rudra Mukherjee and Ganga Borra by Nathan Srinivasan and Isha Yohannan. The victims were last seen at a resort in Kodagu where they had gone for their honeymoon"
48,FIR202600048,CASE202600048,2025-10-24,81,47,4,2,1,3,5,12,2025-10-24 04:49:47,2025-10-24 16:35:47,2025-10-24 18:14:47,15.628726,77.68275,"On 24th October 2025 at approximately 04:49:47 hours, a theft occurred at Zehaan Borah and Bhavani Seshadri's residence in Hennur Police Station jurisdiction, Bengaluru Urban district. The complainant, Garima Sachdeva, reported that Gaurangi Ray, Aarna Misra, and Girik Atwal were"
49,FIR202600049,CASE202600049,2025-04-12,342,56,3,1,10,29,1,16,2025-04-12 01:22:56,2025-04-12 14:19:56,2025-04-12 15:02:56,12.221825,75.734968,"On 12th April 2025 at around 1:22 am, Manya Dhillon, the complainant, reported to Chamarajanagar West Police Station that Bhavini Narayan, the victim, was sexually harassed by Dhriti Merchant and Pratyush Brahmbhatt. The incident took place near the bus stop on the main road in Chamar"
50,FIR202600050,CASE202600050,2025-04-16,443,34,4,2,12,35,5,14,2025-04-15 21:52:15,2025-04-16 01:04:15,2025-04-16 02:02:15,15.685031,77.734678,"On 15th April 2025 at around 9:47 pm, Wazir Sen, a resident of Om Deep, Madiwala, reported to the Madiwala Police Station that his property was vandalized by Baghyawati Setty, Bakhshi Sodhi, and Jasmit Aggarwal. The accused were seen damaging the compound wall and gate of the property with"
51,FIR202600051,CASE202600051,2024-12-21,400,70,2,1,10,30,3,21,2024-12-21 03:34:28,2024-12-21 11:09:28,2024-12-21 13:00:28,18.400303,77.949347,"On 21st December 2024 at around 3:34 am, a complaint was filed by Vasana Rastogi against Jagat Mittal for stalking his wife Wahab Hari. The complainant alleges that Mittal has been following and watching her wife without any legitimate reason, causing her immense fear and harassment. The incident occurred in Dakshina Kann"
52,FIR202600052,CASE202600052,2025-02-01,196,167,3,1,8,23,4,49,2025-01-31 13:19:54,2025-02-01 00:32:54,2025-02-01 01:42:54,15.069583,74.93471,"On 31st January 2025 at approximately 13:19:54 hours, a complaint was filed by Omya Das at Uttara Kannada West Police Station, Uttara Kannada district, regarding a drug offense. The accused, Falguni Mital, Qasim Chanda, and Dhriti Srinivas, were allegedly involved in drug"
53,FIR202600053,CASE202600053,2026-05-29,264,140,2,2,11,31,3,41,2026-05-29 01:03:39,2026-05-29 10:45:39,2026-05-29 12:11:39,14.165003,78.63949,"On May 29th, at approximately 1:03 am, Jeevika Sanghvi filed a complaint at Raichur North Police Station regarding an economic offense of money laundering. The accused, Kabir Suresh, Kala Bir, and Luke Badal, are alleged to have conspired and carried out the crime. The victim, Dayamai Mani and Qushi Khos"
54,FIR202600054,CASE202600054,2025-11-02,127,115,2,2,11,32,2,33,2025-11-02 02:23:46,2025-11-02 06:32:46,2025-11-02 06:40:46,12.499485,77.449824,"On 2nd November 2025 at around 2:23 am, Timothy Sachdeva, the complainant, reported to Kolar North Police Station that Jyoti Kakar, the accused, has committed tax fraud by misrepresenting his income and evading payment of taxes. The accused is a resident of Kolar and owns a business in the area. An investigation revealed that the"
55,FIR202600055,CASE202600055,2025-10-05,442,45,1,1,8,23,5,9,2025-10-05 01:40:49,2025-10-05 06:25:49,2025-10-05 07:59:49,15.599615,77.723819,"On 5th October 2025 at approximately 1:40 AM, a complaint was filed by Ekantika Kumer at KR Puram Police Station in Bengaluru Urban district regarding drug trafficking. The accused, Kavya Ramachandran and Umang Swaminathan, were allegedly found possessing and distributing drugs. The victims of this crime are Harish Bar"
56,FIR202600056,CASE202600056,2024-11-23,484,168,1,2,15,43,4,49,2024-11-23 12:07:36,2024-11-23 16:18:36,2024-11-23 18:05:36,15.066401,74.917657,"On 23rd November 2024 at approximately 12:07:36 PM, a rioting incident occurred at Uttara Kannada North Police Station in the district of Uttara Kannada. The complainant, Nirja Sanghvi, reported that the accused, Chatresh Chand, instigated a group of people to create a disturbance and cause damage to public"
57,FIR202600057,CASE202600057,2025-12-31,218,82,1,1,8,22,4,24,2025-12-30 12:35:24,2025-12-31 00:08:24,2025-12-31 01:24:24,13.330521,78.319264,"On 30th December 2025 at approximately 12:35 PM, Siya Mukherjee, the complainant, lodged a complaint at Dharwad Town Police Station, Dharwad district, regarding an incident of drug possession involving Radhika Rajagopal and Dhriti Lala. The accused, Peter Chander and Geetika Saran, were found in"
58,FIR202600058,CASE202600058,2024-11-18,285,106,4,1,10,30,5,31,2024-11-17 22:21:24,2024-11-18 06:14:24,2024-11-18 07:29:24,14.335139,74.356806,"On 17th November 2024 at around 10:21 pm, a complaint was filed by Faraj Borra at Kalaburagi Central Police Station regarding stalking of his friends Mason Dugar and Rushil Srinivas by Urvi Natt, Ronith Patla, and Vanya Srinivas. The complainant stated that the accused have been following his friends and"
59,FIR202600059,CASE202600059,2025-04-23,468,133,4,1,8,23,2,38,2025-04-22 14:14:26,2025-04-23 01:31:26,2025-04-23 03:14:26,15.91058,77.600282,"On 22nd April 2025 at around 14:14:26hrs, Bhavani Seshadri, a resident of Jayalakshmipuram, Mysuru reported to the police station that Owen Muni and Yauvani Ghosh were involved in drug trafficking. The complainant alleged that the accused had purchased drugs from an unknown source"
60,FIR202600060,CASE202600060,2026-07-06,27,6,4,1,2,6,3,2,2026-07-06 03:14:32,2026-07-06 07:31:32,2026-07-06 08:18:32,16.685706,77.098436,"On 6th July 2026 at approximately 3:14 am, Ballari Town Police Station received a complaint from Bachittar Narayan regarding chain snatching by Jalsa Jha. The victim, Triya Sule, was walking on the main road when Jha snatched her gold chain and fled the scene. A thorough investigation is underway to apprehend the accused and recover the"
61,FIR202600061,CASE202600061,2025-10-27,337,26,2,2,4,11,2,8,2025-10-27 07:26:53,2025-10-27 19:39:53,2025-10-27 19:52:53,15.427351,77.263704,"On October 27, 2025 at approximately 07:26:53 hours, a complaint was lodged by Omya Datta at the Bengaluru Rural North Police Station, regarding an incident of insurance fraud committed by Patrick Shankar. The victim, Ekavir Chatterjee, had purchased a life insurance policy from Shankar, who promised to pay out"
62,FIR202600062,CASE202600062,2025-08-28,121,128,4,2,1,1,4,40,2025-08-28 11:23:13,2025-08-28 19:20:13,2025-08-28 21:03:13,15.903235,77.614147,"On 28th August 2025 at around 11:23 am, a theft incident occurred in Alanahalli Police Station limits, Mysuru district. The complainant Om Deep reported that his vehicle (Honda City Registration Number KA-01-MB-6743) was stolen from outside his residence at Jai Nagar, Alanahalli. The accused W"
63,FIR202600063,CASE202600063,2025-11-28,89,176,4,1,8,22,3,51,2025-11-28 10:54:01,2025-11-28 16:42:01,2025-11-28 17:36:01,11.654772,78.316155,"On 28th November 2025 at approximately 10:54 am, Vrinda Hari, the complainant, reported to the Vijayapura North Police Station that Atharv Hayer, the victim, was found in possession of illegal drugs. The accused, Deepa Loyal and Upadhriti Gandhi, were identified as the suppliers of the drugs. Further"
64,FIR202600064,CASE202600064,2026-03-22,332,36,2,1,8,22,3,11,2026-03-22 11:04:13,2026-03-22 18:35:13,2026-03-22 18:43:13,15.597128,77.757329,"On March 22nd, at approximately 11:04 AM, Lucky Chacko filed a complaint with HAL Police Station in Bengaluru Urban district regarding a drug offense. The accused, Bhanumati Malhotra, Qarin Sha, and Xavier Oza, were allegedly found in possession of illegal drugs during a raid conducted by the police at a construction site where they"
65,FIR202600065,CASE202600065,2026-02-02,10,123,4,2,12,34,4,36,2026-02-02 07:05:50,2026-02-02 10:44:50,2026-02-02 11:57:50,15.096013,74.456917,"On February 2nd, at around 7:05 a.m., Falak Kibe filed a complaint with Mandya North Police Station regarding property damage caused by arson committed by Aayush Anand and Fitan Sarraf. According to the complainant, the accused intentionally set fire to her residential building, causing significant damage to property and endangering the lives of several individuals, including Falak K"
66,FIR202600066,CASE202600066,2025-01-04,386,166,1,1,2,6,4,49,2025-01-04 05:28:07,2025-01-04 09:23:07,2025-01-04 10:27:07,15.063779,74.872603,"On 4th January 2025 at approximately 05:28:07 hours, a robbery occurred in Uttara Kannada East Police Station jurisdiction, where Raghav Murthy was the victim of chain snatching by Lakshit Chad and Abeer Patel. The complainant, Dayamai Mani, reported the incident to the police."
67,FIR202600067,CASE202600067,2024-08-15,397,157,2,1,8,23,3,46,2024-08-15 07:56:29,2024-08-15 15:13:29,2024-08-15 16:54:29,12.571275,73.975744,"On 15th August 2024 at approximately 7:56 AM, a complaint was filed by Qushi Khosla at Tumakuru Central Police Station, Tumakuru district, regarding an incident of drug trafficking involving Owen Mahal. The accused, Zashil Sagar, was identified as the perpetrator. Further investigation revealed that Sagar had been transporting"
68,FIR202600068,CASE202600068,2025-03-07,466,94,1,2,12,36,1,27,2025-03-07 11:32:31,2025-03-07 17:46:31,2025-03-07 19:14:31,18.443275,76.985436,"On 7th March 2025 at approximately 11:32 am, Pooja Khosla, the complainant, reported to Hassan West Police Station that Ekapad Chopra, the victim, had their property illegally encroached upon by Urmi Khare. The accused had constructed a structure without proper authorization, thereby causing damage to the victim's property. Further investigation is"
69,FIR202600069,CASE202600069,2025-02-01,468,133,1,2,4,10,1,37,2025-02-01 02:31:34,2025-02-01 12:40:34,2025-02-01 13:15:34,15.909918,77.59279,"On February 1st, 2025 at approximately 2:31 am, Harish Barman of Jayalakshmipuram Police Station in Mysuru reported a case of fraud to the police station. The complainant alleged that Fiyaz Prabhu had issued him a cheque for Rs. 50,000 as payment for goods delivered, but the cheque b"
70,FIR202600070,CASE202600070,2024-12-22,331,152,2,1,8,24,3,46,2024-12-22 05:05:36,2024-12-22 11:15:36,2024-12-22 12:37:36,12.595155,74.056701,"On December 22nd, at approximately 5:05 a.m., Girik Taneja filed a complaint with Tumakuru Town Police Station regarding an incident of drug manufacturing involving Raksha Dugar. According to the complainant, Aarna Misra was also involved in the illegal activity. The accused were identified as residents of Tumakuru district. Further investigation is underway to gather evidence"
71,FIR202600071,CASE202600071,2026-06-02,309,29,2,1,5,13,5,9,2026-06-02 13:13:17,2026-06-02 15:12:17,2026-06-02 15:56:17,15.662072,77.75074,"On 02nd June 2026 at approximately 13:13:17 hours, a murder incident occurred at Whitefield Police Station in Bengaluru Urban district. The complainant, Fiyaz Sawhney, reported that Girik Atwal and Sanaya Keer were intentionally killed by Oeshi Kothari and Vedant Anand. Further investigation is underway to ascertain the"
72,FIR202600072,CASE202600072,2026-04-16,283,52,4,2,12,34,1,15,2026-04-15 14:36:28,2026-04-16 01:20:28,2026-04-16 03:11:28,16.334509,75.577167,"On 15th April 2026 at approximately 2:36 pm, a report of arson was filed at Bidar North Police Station, Bidar district. The complainant, Pratyush Rajagopal, reported that the accused, Aadi Puri, Charvi Tiwari, and Ekanta Chopra, intentionally set fire to the residential building owned by Dh"
73,FIR202600073,CASE202600073,2025-03-07,331,152,3,2,14,42,5,45,2025-03-06 22:08:17,2025-03-07 00:58:17,2025-03-07 02:15:17,12.558163,74.039303,"On 6th March 2025 at around 10:08 pm, a traffic crime was reported at Tumakuru Town Police Station in Tumakuru district. The complainant, Netra Dugar, reported that Ayaan Setty was involved in an illegal race on the highway, which resulted in a serious accident. Vedhika Chaudry, the accused, was identified as the"
74,FIR202600074,CASE202600074,2025-11-07,315,72,3,1,2,6,3,20,2025-11-07 10:24:36,2025-11-07 12:18:36,2025-11-07 13:16:36,18.356352,77.952096,"On 7th November 2025 at approximately 10:24 am, Dakshina Kannada West Police Station received a complaint from Sneha Srinivas regarding a robbery incident that occurred on the same day at around 9:30 am in the area of Jasmit Aggarwal and Bakhshi Sodhi. The complainant stated that two unidentified individuals"
75,FIR202600075,CASE202600075,2025-05-04,224,100,4,2,12,34,4,28,2025-05-04 05:57:22,2025-05-04 09:43:22,2025-05-04 10:54:22,17.396428,77.620364,"On May 4th, 2025 at approximately 5:57 AM, Max Gala filed a complaint at Haveri North Police Station in Haveri district regarding an arson incident that occurred at Ishanvi Bhavsar's residence. The accused, Orinder Thakkar, intentionally set fire to the house, causing significant damage to property and endangering the life of I"
76,FIR202600076,CASE202600076,2026-05-13,130,174,4,1,8,23,5,51,2026-05-13 02:47:50,2026-05-13 08:07:50,2026-05-13 10:01:50,11.658626,78.245351,"On 13th May 2026 at around 2:47 am, Ansh Balakrishnan, a resident of Vijayapura East Police Station, reported a drug offense to the police. According to him, Baghyawati Kanda, a resident of Vijayapura, was involved in trafficking drugs. The incident occurred at around 11 pm on the"
77,FIR202600077,CASE202600077,2025-06-19,360,65,4,2,4,11,5,18,2025-06-18 19:07:31,2025-06-19 05:49:31,2025-06-19 06:42:31,11.988797,75.38017,"On 18th June 2025 at approximately 7:07 PM, a complaint was filed by Sarthak Sule regarding an insurance fraud committed by Anjali Chana. The victim, Falguni Mital, had purchased a two-wheeler insurance policy from a private insurance company, and the accused had forged her signature on the policy document to make it appear as"
78,FIR202600078,CASE202600078,2025-01-30,348,125,2,1,8,22,3,38,2025-01-30 01:03:36,2025-01-30 06:24:36,2025-01-30 07:04:36,15.930101,77.662892,"On 30th January 2025 at around 1:03 am, Ekta Chatterjee, a resident of Vijayanagar, Mysuru, reported to the Vijayanagar Police Station that Qasim Chanda was found in possession of illegal drugs. The accused, Balhaar Prakash, was arrested and taken into custody for further investigation. During the investigation, it"
79,FIR202600079,CASE202600079,2025-01-17,221,29,1,2,9,25,1,14,2025-01-16 21:26:38,2025-01-17 02:12:38,2025-01-17 03:09:38,15.654742,77.707669,"On 16th January 2025 at approximately 9:48 PM, Kavya Kale, the mother of Dhriti Srinivas and Ishani Prabhakar, reported to the Whitefield Police Station in Bengaluru Urban district that her two children went missing after she had left them unattended for a few minutes while she stepped out of the house to attend an urgent call"
80,FIR202600080,CASE202600080,2025-09-01,461,148,4,2,11,33,4,44,2025-08-31 15:47:15,2025-09-01 00:37:15,2025-09-01 00:44:15,16.709288,77.551031,"On 31st August 2025 at approximately 1547 hours, a complaint was filed by Atharv Hayer at Shivamogga West Police Station pertaining to an economic offense committed in the district of Shivamogga. The accused, Triveni Tailor, Riya Dyal, and Lohit Mishra, are alleged to have forged"
81,FIR202600081,CASE202600081,2025-01-28,213,74,2,1,5,15,5,21,2025-01-28 12:04:52,2025-01-28 18:34:52,2025-01-28 19:49:52,18.39245,77.987662,"On 28th January 2025 at around 12:04 pm, Dakshina Kannada South Police Station received a complaint from Netra Soman regarding the murder of her husband Luke Badal and son Isaiah Mital by their relatives Viraj Lall and Wazir Mistry. The accused had allegedly killed the victims due to personal enmity and to protect their own illegal"
82,FIR202600082,CASE202600082,2025-09-17,307,63,3,2,6,18,4,18,2025-09-17 09:15:35,2025-09-17 14:34:35,2025-09-17 15:11:35,12.046337,75.350927,"On September 17, 2025 at approximately 9:15 am, Falak Kibe filed a complaint with Chikkamagaluru East Police Station regarding an assault incident involving domestic violence against her and her two daughters, Jyoti Kakar and Kavya Ramachandran, at their residence in Chikkamagaluru. The accused, Bhavna Chahal, Dak"
83,FIR202600083,CASE202600083,2026-05-01,32,112,1,2,12,36,2,33,2026-05-01 01:36:06,2026-05-01 05:49:06,2026-05-01 07:28:06,12.501033,77.403585,"On 1st May 2026 at around 01:36hrs, Nathan Srinivasan, the complainant, reported to Kolar Town Police Station that Umang Swaminathan and Damyanti Chand's property was illegally encroached upon by Arya Patel and Orinder Gade. The accused had constructed a structure on the victim's land without their permission."
84,FIR202600084,CASE202600084,2025-05-07,399,18,3,1,2,4,3,5,2025-05-06 23:07:16,2025-05-07 03:30:16,2025-05-07 03:57:16,11.668335,74.421988,"On May 6th at 10:05 pm, Vadgaon Police Station received a complaint from Isha Yohannan regarding a robbery that occurred on NH-4A, Belagavi district. The complainant and two other women, Raagini Chander and Geetika Saran, were traveling in a private car when they were stopped by three accused, Dominic Ghose,"
85,FIR202600085,CASE202600085,2024-12-28,495,66,3,2,1,1,5,19,2024-12-28 05:16:07,2024-12-28 11:00:07,2024-12-28 11:21:07,15.597247,77.280277,"On 28th December 2024 at approximately 5:16 am, Farhan Ray, a resident of Chitradurga Town, reported to the police station that his vehicle, a white Toyota Corolla bearing registration number KA-01-MB-3456, was stolen from outside his residence. The complainant stated that he had parked the vehicle on the roadside"
86,FIR202600086,CASE202600086,2026-07-12,478,85,1,1,10,29,4,23,2026-07-11 21:49:15,2026-07-12 06:17:15,2026-07-12 07:05:15,13.376783,78.321384,"On 11th July 2026 at approximately 9:49 pm, a complaint was filed by Aarna Misra at Dharwad North Police Station, District Dharwad, regarding an incident of sexual harassment committed against Ronith Patla by Tanish Sood. According to the complainant, while she and the victim were on their way home from work, Sood inappropriately"
87,FIR202600087,CASE202600087,2025-07-25,137,63,4,1,2,4,4,18,2025-07-25 07:21:48,2025-07-25 15:25:48,2025-07-25 16:43:48,12.080285,75.348476,"On 25th July 2025 at approximately 7:21 pm, a robbery occurred on the highway near Chikkamagaluru East Police Station in Chikkamagaluru district. The complainant Girik Atwal reported that two accused, Geetika Bhattacharyya and Jasmit Deep, snatched his motorcycle's keys and fled with the vehicle. The victim V"
88,FIR202600088,CASE202600088,2024-09-27,227,98,3,1,2,4,1,28,2024-09-26 16:50:28,2024-09-27 02:38:28,2024-09-27 03:36:28,17.419952,77.594379,"On 26th September 2024 at approximately 16:50:28 hours, a robbery occurred on Haveri East Highway, involving three accused - David Krishnan, Karan Virk and Owen Muni. The complainant, Rehaan Keer, reported that the trio had robbed him of his valuables while he was driving on the highway. Further investigation"
89,FIR202600089,CASE202600089,2024-08-26,309,29,4,1,8,23,3,13,2024-08-26 03:35:35,2024-08-26 14:02:35,2024-08-26 14:46:35,15.658693,77.729828,"On August 26, 2024, at approximately 3:35 a.m., Whitefield Police Station in Bengaluru Urban received a complaint from Daniel Merchant regarding an incident of drug trafficking involving Falguni Chana. According to the complainant, Yauvani Ghosh was the victim of this crime, and Falguni Chana was the accused. The incident occurred on"
90,FIR202600090,CASE202600090,2024-10-10,78,91,1,1,13,37,2,25,2024-10-10 04:52:46,2024-10-10 10:34:46,2024-10-10 10:49:46,12.664321,77.362377,"On 10th October 2024 at around 04:52:46, a complaint was filed by Pratyush Brahmbhatt regarding an organized crime committed by Champak Bath and his accomplices, including Hredhaan Jha. The accused were involved in gang activity, and their actions posed a significant threat to the safety of the citizens of Gadag North Police Station'"
91,FIR202600091,CASE202600091,2025-10-18,489,175,2,2,1,2,4,51,2025-10-18 06:22:30,2025-10-18 19:00:30,2025-10-18 20:05:30,11.616729,78.229074,"On 18th October 2025 at around 6:22 pm, Ayaan Setty, a resident of Vijayapura West Police Station, reported a theft incident that occurred at Qushi Shankar's residence located in the same police station. The accused, William Sama and Tripti Sastry, broke into the victim's house by manipulating the lock and st"
92,FIR202600092,CASE202600092,2026-02-14,371,75,3,2,12,35,1,21,2026-02-13 21:08:08,2026-02-14 08:22:08,2026-02-14 09:00:08,18.375537,77.919013,"On 13th February 2026 at around 9:08 pm, Dakshina Kannada Central Police Station received a complaint from Bakhshi Sodhi regarding vandalism committed by Abdul Dugar and Vanya Chakrabarti. The complainant alleged that the accused had damaged the property of Widisha Yogi and Samarth Swamy without any"
93,FIR202600093,CASE202600093,2025-05-23,58,48,2,1,7,19,5,14,2025-05-23 08:40:01,2025-05-23 13:21:01,2025-05-23 13:45:01,15.664034,77.714083,"On 23rd May 2025 at approximately 8:40 am, Bellandur Police Station received a complaint from Isaac Aggarwal regarding the kidnapping of his 7-year-old son Dakshesh Loyal by Vasatika Om. The victim was last seen with the accused at the Inorbit Mall in Whitefield, Bengaluru Urban District, before he went missing. The"
94,FIR202600094,CASE202600094,2024-09-07,115,77,2,1,13,38,5,21,2024-09-06 23:22:12,2024-09-07 12:14:12,2024-09-07 13:31:12,18.372166,77.96561,"On September 6, 2024 at approximately 11:42 PM, Dakshina Kannada Rural Police Station received a complaint from Harshil Bhavsar regarding an extortion incident involving Upadhriti Gandhi and Chatresh Bath. The complainant alleges that the accused had been demanding money from the victim under threat of harm. Further investigation revealed that the accused"
95,FIR202600095,CASE202600095,2025-04-24,238,112,3,2,12,35,3,33,2025-04-24 03:39:25,2025-04-24 13:13:25,2025-04-24 14:21:25,12.48927,77.370602,"On 24th April 2025 at around 3:39 am, Kashish Mittal, a resident of Kolar Town, lodged a complaint at Kolar Town Police Station regarding vandalism committed by Varenya Shankar against Bhanumati Malhotra. The accused is alleged to have damaged the victim's property by throwing stones and breaking windows, causing damage worth R"
96,FIR202600096,CASE202600096,2026-07-11,93,28,4,2,12,35,5,12,2026-07-10 21:19:55,2026-07-11 02:20:55,2026-07-11 02:36:55,15.649491,77.712935,"On 10th July 2026 at approximately 9:19 PM, a complaint was filed by Falan Mital regarding vandalism committed by Shaurya Kothari against Qarin Sha's property in Cubbon Park Police Station jurisdiction, Bengaluru Urban. The accused allegedly damaged the victim's vehicle by spray-painting offensive slurs and symbols"
97,FIR202600097,CASE202600097,2025-08-08,432,5,1,1,13,39,3,1,2025-08-08 10:04:14,2025-08-08 20:06:14,2025-08-08 21:48:14,16.007504,74.098659,"On 8th August 2025 at approximately 10:04 am, a complaint was filed by Reva Chanda at Bagalkote South Police Station, Bagalkote district, regarding an organized crime incident involving smuggling. The victim, Watika Oza, reported that she was attacked and robbed of her valuables by Dominic Gokhale and his accomplices. Further investigation revealed"
98,FIR202600098,CASE202600098,2026-06-23,137,63,3,2,3,9,4,18,2026-06-22 20:18:02,2026-06-23 08:10:02,2026-06-23 09:17:02,12.067299,75.363873,"On 22nd June 2026 at around 8:18 pm, a cybercrime was reported at Chikkamagaluru East Police Station in Chikkamagaluru district. The complainant, Dhriti Srinivas, reported that her friend, Jeremiah Butala, had his identity stolen by Harish Loke. Further investigation revealed that Loke had created fake"
99,FIR202600099,CASE202600099,2026-04-04,205,151,3,2,11,31,2,43,2026-04-04 09:04:07,2026-04-04 15:30:07,2026-04-04 17:03:07,16.715242,77.594308,"On 04th April 2026 at around 9:04 am, Shivamogga Central Police Station received a complaint from Harsh Prabhakar regarding money laundering committed by Arjun Raj, Darpan Purohit and Praneel Bora. The complainant alleges that the accused had fraudulently transferred funds from his account to theirs through various online"
100,FIR202600100,CASE202600100,2024-07-31,146,129,1,1,8,22,3,37,2024-07-31 11:24:13,2024-07-31 16:44:13,2024-07-31 17:03:13,15.881792,77.694042,"On 31st July 2024 at approximately 11:24 am, a complaint was filed by Lavanya Suresh regarding an incident of drug possession involving Lakshit Chad and Yagnesh Bassi, both residents of Lashkar Police Station in Mysuru district. According to the complainant, she was present when Bassi possessed and smoked marijuana at a location within the"
101,FIR202600101,CASE202600101,2025-12-24,152,158,1,2,11,33,4,45,2025-12-24 11:15:18,2025-12-24 18:18:18,2025-12-24 18:47:18,12.572751,73.994507,"On December 24, 2025 at approximately 11:15 AM, a complaint was filed by Jack Bir at Tumakuru Market Police Station regarding an economic offense of forgery committed by Amaira Sharaf against Abeer Patel. According to the complainant, Amaira forged Abeer's signature on several documents without their consent, resulting in financial loss for A"
102,FIR202600102,CASE202600102,2025-11-26,322,177,4,1,13,37,2,51,2025-11-26 08:41:16,2025-11-26 14:16:16,2025-11-26 14:37:16,11.644697,78.307266,"On 26th November 2025 at around 8:41 pm, Vijayapura South Police Station received a complaint from Mekhala Badal regarding an organized crime committed by Dhriti Warrior, Rohan Merchant and Samuel Vala. The complainant reported that the accused were involved in gang activity and had attacked Tejas Khare and Zashil Sagar, causing"
103,FIR202600103,CASE202600103,2025-08-14,353,161,1,2,1,3,5,48,2025-08-14 01:54:45,2025-08-14 06:39:45,2025-08-14 07:04:45,15.079063,74.493684,"On 14th August 2025 at approximately 01:54:45 hours, a theft case was reported at Udupi East Police Station in Udupi district. The complainant, Jyoti Kakar, reported that her mobile phone worth Rs. 50,000 was stolen from her residence by two accused, Nakul Sangha and Meera Dey"
104,FIR202600104,CASE202600104,2025-01-31,307,63,1,2,4,10,4,18,2025-01-31 10:41:33,2025-01-31 13:22:33,2025-01-31 15:13:33,12.069001,75.382368,"On January 31st, 2025 at approximately 10:41 AM, Kavya Ramachandran, a resident of Chikkamagaluru East Police Station in Chikkamagaluru district, filed a complaint alleging that Maanav Desai and Imaran Sura committed fraud by issuing a cheque without sufficient funds in their account. The complainant,"
105,FIR202600105,CASE202600105,2025-10-28,126,35,3,1,7,20,4,12,2025-10-28 00:04:59,2025-10-28 04:33:59,2025-10-28 05:48:59,15.648221,77.777814,"On 28th October at 00:04:59 hours, a complaint was lodged by Varenya Swaminathan, resident of Yelahanka, Bengaluru Urban, regarding the kidnapping and abduction of Naveen Kothari, also a resident of Yelahanka. The accused, Raghav Radhakrishnan (32) and Balvan Var"
106,FIR202600106,CASE202600106,2024-10-12,162,5,2,2,14,40,3,1,2024-10-11 13:47:09,2024-10-11 21:08:09,2024-10-11 22:53:09,15.995304,74.059722,"On 11th October 2024 at approximately 13:47:09 hours, a traffic crime was reported at Bagalkote South Police Station, Bagalkote district. The complainant, Damyanti Chand, alleges that the accused, Advay Kohli and Vrishti Subramaniam, were driving under the influence of alcohol, causing harm to Vedant Anand"
107,FIR202600107,CASE202600107,2025-06-02,479,135,3,2,14,42,5,40,2025-06-01 10:37:53,2025-06-01 22:08:53,2025-06-02 00:03:53,15.888063,77.635274,"On 01st June 2025 at around 10:37:53 am, Raagini Chander (Complainant) reported to Mandi Police Station in Mysuru district that Aachal Puri (Victim) was involved in an illegal racing event on the highway near Hootagalli village. The accused, Zayyan Saini, was also present at the scene and was identified"
108,FIR202600108,CASE202600108,2025-06-15,238,112,3,2,9,27,4,33,2025-06-15 02:27:07,2025-06-15 11:26:07,2025-06-15 12:12:07,12.543289,77.382538,"On 15th June 2025 at around 2:27 am, Kolar Town Police Station received a complaint from Fiyaz Saran regarding the missing person Champak Tiwari and Ekanta Chopra. The complainant alleges that Champak and Ekanta have been missing since yesterday evening when they were last seen with Qasim Bassi, Kabir Gulati, and Manya Rang"
109,FIR202600109,CASE202600109,2026-06-10,219,93,4,2,4,11,1,26,2026-06-10 09:48:23,2026-06-10 16:35:23,2026-06-10 17:40:23,18.383752,76.962333,"On 10th June 2026 at approximately 9:48 am, a complaint was filed by Urvi Natt at Hassan East Police Station, District Hassan, regarding an insurance fraud committed by Suhani Verma and Chameli Majumdar. The complainant, Anusha Kale and Vedhika Chaudry, were allegedly cheated out of a sum"
110,FIR202600110,CASE202600110,2026-04-15,372,101,2,1,8,22,2,29,2026-04-15 05:42:29,2026-04-15 15:19:29,2026-04-15 16:06:29,14.342312,74.285601,"On 15th April 2026 at around 05:42:29 pm, Shravya Patla filed a complaint at Kalaburagi Town Police Station regarding an incident of drug possession involving Utkarsh Raval and Warhi Kohli. The complainant alleges that she was present at the scene where the accused were found possessing and consuming drugs. The incident occurred near"
111,FIR202600111,CASE202600111,2025-01-29,225,140,4,2,1,3,2,41,2025-01-28 23:16:35,2025-01-29 07:11:35,2025-01-29 08:39:35,14.149382,78.637277,"On 28th January 2025 at approximately 11:16 pm, Udarsh Srinivas filed a complaint at Raichur North Police Station regarding the theft of two mobile phones belonging to Anika Korpal and Pooja Thakkar. The accused, Maanas Chander, Kritika Parekh, and Rushil Kapadia were identified as the perpetrators"
112,FIR202600112,CASE202600112,2025-07-19,158,126,3,2,6,18,4,37,2025-07-18 20:46:27,2025-07-19 07:51:27,2025-07-19 09:45:27,15.897437,77.65779,"On 18th July 2025 at around 8:46 PM, a domestic violence incident occurred at Nazarbad Police Station in Mysuru district. The complainant Priya Muni reported that her husband Varenya Gole, along with his friends Widisha Mital and Aishani Sabharwal, assaulted her and her daughter Baghyawati Kanda. The victim sustained inj"
113,FIR202600113,CASE202600113,2024-11-29,208,97,4,2,6,18,4,28,2024-11-28 22:02:31,2024-11-29 07:04:31,2024-11-29 08:28:31,17.394978,77.590335,"On 28th November 2024 at approximately 10:30 pm, at Haveri Town Police Station in Haveri district, a domestic violence incident occurred involving Balhaar Prakash and Ranbir Mohanty, who were assaulted by Edhitha Keer, Robert More, and Vedant Saran. Liam Bhatnagar, the complainant, reported the incident"
114,FIR202600114,CASE202600114,2026-05-12,427,181,3,2,4,12,1,52,2026-05-11 17:36:07,2026-05-12 00:42:07,2026-05-12 02:24:07,17.651579,78.299604,"On 11th May 2026 at around 5:36 PM, Widisha Yogi, the complainant, reported to Yadgir North Police Station that Balvan Khanna, the victim, had been cheated by Saumya Radhakrishnan and Madhavi Swamy through an investment scam. The accused had promised exorbitant returns on investments"
115,FIR202600115,CASE202600115,2026-04-11,176,2,2,2,12,35,1,1,2026-04-11 09:28:07,2026-04-11 10:48:07,2026-04-11 12:34:07,15.977373,74.0891,"On 11th April 2026 at around 9:28 am, Tara Swamy, a resident of Bagalkote East Police Station, reported a case of vandalism and property damage to the police station. The incident occurred when Pavani Salvi, Abha Dara, and Lajita Srivastava intentionally damaged the tailoring shop owned by Triveni Tailor and Ri"
116,FIR202600116,CASE202600116,2025-02-23,285,106,2,2,4,12,4,30,2025-02-23 05:26:36,2025-02-23 16:09:36,2025-02-23 17:55:36,14.291506,74.316925,"On 23rd February 2025 at around 5:26 am, a complaint was lodged by Upadhriti Gandhi at Kalaburagi Central Police Station, Kalaburagi district, regarding an investment scam committed by Urvashi Hans and Bakhshi Wali. The victim, Lohit Mishra, had invested a significant amount of money with the accused"
117,FIR202600117,CASE202600117,2025-10-27,463,56,4,1,10,30,2,16,2025-10-26 13:17:14,2025-10-26 22:15:14,2025-10-26 23:34:14,12.217199,75.748738,"On 26th October 2025 at approximately 13:17:14 hours, a complaint was filed at Chamarajanagar West Police Station by Ayushman Malhotra regarding stalking of his friend Mugdha Bumb and her companion Viraj Lall by Yuvraj Dube, Wishi Vora, and Lila Wadhwa. The complain"
118,FIR202600118,CASE202600118,2025-10-05,468,133,4,1,5,15,1,39,2025-10-04 22:54:00,2025-10-05 07:51:00,2025-10-05 08:32:00,15.9143,77.590359,"On 4th October 2025 at around 10:30 pm, Vyanjana Mistry (30), Bahadurjit Chahal (35) were brutally murdered by their own cousin Ojasvi Khosla (28) and Nakul Bains (30) in Jayalakshmipuram, Mysuru. The accused had a history of conflict"
119,FIR202600119,CASE202600119,2024-11-10,118,68,3,1,10,29,4,19,2024-11-10 07:42:09,2024-11-10 19:58:09,2024-11-10 21:01:09,15.491293,77.244812,"On 10th November 2024 at approximately 7:42 am, a complaint was filed by Xavier Oza at Chitradurga West Police Station, Chitradurga district, regarding an incident of sexual harassment committed against Daksha Mangal by Brinda Nair and Sai Bhagat. The complainant narrated that the victim was subjected to inappropri"
120,FIR202600120,CASE202600120,2026-01-24,472,139,4,1,2,4,4,41,2026-01-23 13:51:00,2026-01-24 00:13:00,2026-01-24 01:31:00,14.168845,78.584726,"On January 23rd, at approximately 1351 hours, a robbery occurred on the National Highway near Raichur West Police Station in Raichur district. Jeremiah Butala, the complainant, reported that Noah Khanna and Chaitanya Guha were traveling in their car when they were stopped by Shravya Divan, Zaitra Koshy, and Parth Sathe,"
121,FIR202600121,CASE202600121,2025-08-16,312,146,4,1,5,13,5,43,2025-08-15 19:33:45,2025-08-16 07:22:45,2025-08-16 09:02:45,16.803726,77.52975,"On 15th August 2025 at approximately 7:33 PM, a murder incident occurred at Arya Patel's residence in Shivamogga Town, Shivamogga District. The complainant, Fitan Sarraf, reported that the accused, Avni Shroff, intentionally killed Arya Patel with a sharp-edged weapon. The crime was committed at"
122,FIR202600122,CASE202600122,2026-02-04,100,56,3,1,13,37,5,16,2026-02-04 04:30:53,2026-02-04 10:44:53,2026-02-04 12:10:53,12.240521,75.75113,"On 4th February 2026 at around 04:30 am, a complaint was lodged by Manya Chad at Chamarajanagar West Police Station regarding an organized crime incident that took place in the area. The complainant reported that her friend Pooja Gade was assaulted and threatened by two individuals, Girik Issac and Azaan Kurian, who are believed to be"
123,FIR202600123,CASE202600123,2025-08-09,118,68,2,2,11,31,1,19,2025-08-09 07:30:02,2025-08-09 13:20:02,2025-08-09 14:21:02,15.514114,77.265672,"On 9th August 2025 at approximately 7:30 am, a complaint was filed by Zarna Arora at Chitradurga West Police Station, Chitradurga district, regarding an economic offense of money laundering. The victim, Dalaja Amble, reported that Udarsh Deep and Nathaniel Sachdev had fraudulently withdrawn a significant amount of"
124,FIR202600124,CASE202600124,2024-07-24,317,86,1,2,15,44,3,24,2024-07-23 14:46:06,2024-07-24 03:12:06,2024-07-24 03:39:06,13.322712,78.30175,"On 23rd July 2024 at approximately 14:46hrs, a complaint was filed by Rushil Toor at Dharwad South Police Station, Dharwad district, regarding a public nuisance incident involving Ekani Thakkar and Bachittar Goel. The complainant alleged that the accused individuals created a disturbance in the public area by playing loud music without"
125,FIR202600125,CASE202600125,2025-03-14,218,85,3,2,9,27,3,24,2025-03-13 18:01:49,2025-03-13 21:17:49,2025-03-13 23:07:49,13.376896,78.323943,"On March 13, 2025, at approximately 6:01 pm, Frederick Golla, a resident of Dharwad North, went missing without a trace. His father, Mohammed Sarkar, reported the incident to the police station at Dharwad North, and an FIR was registered under Section 380 of the Indian Penal Code for ""theft or criminal trespass with intent to"
126,FIR202600126,CASE202600126,2024-08-06,250,109,3,1,13,37,4,32,2024-08-06 05:39:42,2024-08-06 07:48:42,2024-08-06 09:29:42,13.035969,76.308465,"On 6th August 2024 at around 5:39 am, Geetika Prabhu, the complainant, lodged a complaint at Kodagu East Police Station, Kodagu district, regarding an organized crime committed by Chandani Tella, Deepa Sengupta, and Vansha Mani. The trio is accused of engaging in gang activity, including extortion"
127,FIR202600127,CASE202600127,2026-05-23,91,170,4,2,14,42,3,50,2026-05-23 14:24:24,2026-05-23 17:14:24,2026-05-23 18:09:24,18.126829,78.229276,"On 23rd May 2026 at approximately 14:24:24 hours, a complaint was filed by Oeshi Kothari regarding an illegal racing incident that took place on the Vijayanagara-Krishna Nagar road. The complainant alleged that Upadhriti Sood and Geetika Bhattacharyya were involved in a race with"
128,FIR202600128,CASE202600128,2026-04-17,272,97,3,2,11,33,3,28,2026-04-17 07:18:58,2026-04-17 17:42:58,2026-04-17 19:32:58,17.43731,77.555772,"On 17th April 2026 at approximately 7:18 PM, Haveri Town Police Station received a complaint from Vedant Anand regarding a forgery incident involving Isaac Deep and Zansi Pandya. According to the complainant, Zansi Pandya forged Isaac Deep's signature on several documents without his consent, resulting in financial loss to Isaac Deep. The accused,"
129,FIR202600129,CASE202600129,2026-03-14,491,174,2,1,8,22,5,51,2026-03-14 09:38:26,2026-03-14 18:58:26,2026-03-14 20:21:26,11.647641,78.278275,"On March 14th, 2026 at around 9:38 am, Vijayapura East Police Station received a complaint from Aadi Puri regarding the possession of illegal drugs by Aradhana Nath and Gunbir Narayanan. The complainant alleged that he saw the accused with a small quantity of banned substances in their possession near the Vijayapura"
130,FIR202600130,CASE202600130,2025-03-02,24,168,4,2,15,45,3,49,2025-03-01 18:15:57,2025-03-02 05:41:57,2025-03-02 06:00:57,15.041249,74.886446,"On 1st March 2025 at approximately 6:15 pm, a complaint was filed by Champak Tiwari regarding an illegal gathering at a location in Uttara Kannada North Police Station jurisdiction. The complainant alleged that Hemang Narula had gathered a large number of people without proper authorization, causing a disturbance to the public order. Further investigation is underway to determine"
131,FIR202600131,CASE202600131,2024-09-03,233,89,4,1,2,4,2,25,2024-09-02 22:29:37,2024-09-03 07:37:37,2024-09-03 08:31:37,12.729647,77.364564,"On 2nd September 2024 at around 10:40 pm, Ekanta Chopra, a resident of Gadag East Police Station in Gadag district, reported a robbery incident that occurred on the National Highway while she was traveling with her friend Charvi Bath. The accused, Samuel Chadha, snatched their bag containing cash and valuables worth Rs 50"
132,FIR202600132,CASE202600132,2026-04-17,287,89,4,1,10,30,2,25,2026-04-16 18:59:59,2026-04-17 02:40:59,2026-04-17 02:57:59,12.744325,77.363944,"On 16th April 2026 at approximately 18:59:59, Anmol Kale, the complainant, reported a crime against women to Gadag East Police Station in Gadag district. The accused, Yamini Dube, allegedly stalked Waida Sama, the victim, without her consent. This incident is a clear violation of the victim's rights"
133,FIR202600133,CASE202600133,2026-06-05,286,102,3,2,1,3,3,29,2026-06-05 11:04:28,2026-06-05 15:32:28,2026-06-05 16:33:28,14.324747,74.286795,"On 05th June 2026 at approximately 11:04 am, a theft case was reported at Kalaburagi East Police Station, Kalaburagi district. The complainant, Vihaan Chaudry, reported that his mobile phone worth Rs. 30,000 was stolen from his residence by an accused, Osha Sibal. The incident occurred when the"
134,FIR202600134,CASE202600134,2024-09-23,470,39,3,2,9,27,3,13,2024-09-22 21:57:28,2024-09-22 23:22:28,2024-09-23 00:02:28,15.635579,77.734205,"On September 22, 2024 at approximately 9:57 PM, Peenya Police Station in Bengaluru Urban received a complaint from Oni Das regarding the disappearance of his daughter Aashi Dugar. The complainant alleges that Aashi was last seen with Laksh Contractor, who is believed to have taken her away without permission. An investigation has been launched to locate Aashi and"
135,FIR202600135,CASE202600135,2025-07-08,155,60,4,1,2,6,2,17,2025-07-08 08:23:35,2025-07-08 20:03:35,2025-07-08 21:24:35,13.336668,74.218024,"On 8th July 2025 at approximately 8:23 am, Anay Korpal, a resident of Chikkaballapur West Police Station in Chikkaballapur district, reported a chain snatching incident that occurred on the same day at 8:15 am. The victim, Udarsh Chakrabarti and Vasatika Om, were walking on the road when two"
136,FIR202600136,CASE202600136,2024-09-11,40,128,2,1,13,39,2,40,2024-09-11 01:40:08,2024-09-11 04:33:08,2024-09-11 06:15:08,15.8589,77.625932,"On 11th September 2024 at approximately 1:40 am, Orinder Thakkar filed a complaint at Alanahalli Police Station in Mysuru district regarding an organized crime incident involving smuggling. The complainant alleged that Chatresh Bath and Varenya Shankar were assaulted by Amruta Bhattacharyya, Triveni Khare, and Vincent N"
137,FIR202600137,CASE202600137,2026-01-22,412,83,2,2,6,16,5,24,2026-01-22 04:50:49,2026-01-22 06:07:49,2026-01-22 08:01:49,13.385742,78.31803,"On 22nd January 2026 at approximately 4:50 am, a simple assault took place at Dharwad East Police Station in the district of Dharwad. The complainant, Baghyawati Kanda, reported that Shaurya Kothari and Ekaja Gokhale were assaulted by Azaan Pingle, Ekaraj Guha, and Hemangini Sh"
138,FIR202600138,CASE202600138,2026-01-26,354,69,2,1,2,6,1,19,2026-01-25 23:19:14,2026-01-26 02:19:14,2026-01-26 03:09:14,15.576602,77.207471,"On 25th January 2026 at around 11:19 PM, Anirudh Chana, a resident of Chitradurga North Police Station in Chitradurga district, reported a robbery incident that occurred on the same day at 9:45 PM. The complainant stated that Vrinda Setty and Mugdha Bala, two accused, sn"
139,FIR202600139,CASE202600139,2024-10-24,290,16,3,2,1,1,4,7,2024-10-23 16:57:46,2024-10-24 02:04:46,2024-10-24 03:44:46,11.760104,74.460292,"On 23rd October 2024 at around 16:57:46 hours, a theft incident occurred in Shahapur Police Station area of Belagavi district. The complainant Bina Prakash reported that his vehicle, a white Tata Safari, bearing registration number KA-01-AB-3456, was stolen from outside his residence. The accused Gagan"
140,FIR202600140,CASE202600140,2025-07-01,395,64,1,1,8,24,2,18,2025-06-30 15:14:03,2025-07-01 01:16:03,2025-07-01 02:54:03,12.082679,75.308975,"On 30th June 2025 at around 15:14 hours, a complaint was filed by Saanvi Mohanty against Vanya Raja for manufacturing and possessing drugs at Chikkamagaluru West Police Station in the district of Chikkamagaluru. The accused, Vanya Raja, was arrested and is currently being questioned by the police. Further investigation"
141,FIR202600141,CASE202600141,2025-08-23,235,155,1,2,1,2,4,45,2025-08-23 07:49:09,2025-08-23 15:32:09,2025-08-23 15:50:09,12.632733,73.973604,"On 23rd August 2025 at around 7:49 am, Tumakuru North Police Station received a complaint from Brinda Khanna regarding the theft of her house located in Tumakuru district. The complainant stated that Gautam Munshi, Ikbal Dara and Balhaar Malhotra broke into her house by using force and stole valuable items worth R"
142,FIR202600142,CASE202600142,2025-01-30,372,101,1,2,6,18,2,30,2025-01-30 04:06:41,2025-01-30 06:14:41,2025-01-30 06:54:41,14.327846,74.292084,"On January 30, 2025, at approximately 04:06:41 a.m., Raghav Dyal, the complainant, reported an assault incident that occurred at his residence in Kalaburagi Town, Kalaburagi district. The accused, Rohan Aggarwal, allegedly physically assaulted Daniel Warrior, the victim, due to domestic violence."
143,FIR202600143,CASE202600143,2026-04-13,67,63,3,1,7,21,5,18,2026-04-12 18:34:22,2026-04-13 00:03:22,2026-04-13 01:12:22,12.06491,75.386958,"On 12th April 2026 at around 6:34 PM, Lohit Mishra, the complainant, reported to Chikkamagaluru East Police Station that Shivani Merchant and Samuel Vala were kidnapped by Baghyawati Chana, Ekaraj Banik, and Veer Yadav. The victims were last seen at a shopping mall"
144,FIR202600144,CASE202600144,2025-05-24,182,157,1,2,14,42,5,45,2025-05-24 01:34:39,2025-05-24 14:29:39,2025-05-24 15:01:39,12.583232,73.98454,"On 24th May 2025 at approximately 1:34 am, a traffic crime was reported at Tumakuru Central Police Station, Tumakuru district. The complainant, Viraj Lall, reported that he witnessed illegal racing on the highway involving Ekta Sagar. The victim, Oni Parikh, was injured during the incident. Further investigation revealed that Ekta Sagar was"
145,FIR202600145,CASE202600145,2024-12-23,47,10,3,2,14,41,4,3,2024-12-22 19:11:32,2024-12-23 02:57:32,2024-12-23 03:14:32,16.637288,77.138218,"On 22nd December 2024 at approximately 7:11 PM, a traffic crime was reported at Ballari South Police Station in Ballari district. The complainant, Vyanjana Mistry, reported that her friend Nakul Sangha was hit by an unknown vehicle while crossing the road. The accused, Chaitanya Mander, fled the scene without providing any assistance or exchanging details. An"
146,FIR202600146,CASE202600146,2025-08-15,162,2,3,2,3,9,4,1,2025-08-15 18:07:42,2025-08-15 20:12:42,2025-08-15 22:03:42,15.965365,74.072404,"On 15th August 2025 at approximately 6:07 pm, Bahadurjit Chahal filed a complaint at Bagalkote East Police Station in Bagalkote district regarding an identity theft incident that occurred on the same day at 6:07 pm. The victim, Logan Dey, reported that his personal information including his Aadhaar number, pan card number and"
147,FIR202600147,CASE202600147,2025-12-31,412,85,3,1,13,37,5,23,2025-12-31 02:29:49,2025-12-31 04:06:49,2025-12-31 05:22:49,13.338632,78.313569,"On 31st December 2025 at approximately 2:29 am, a complaint was filed by Daksha Mangal at Dharwad North Police Station regarding an organized crime incident that occurred in the early hours of the same day. The victim, Maanav Desai, reportedly sustained injuries after being attacked by two accused, Fariq Bassi and Balendra Keer, who are believed"
148,FIR202600148,CASE202600148,2024-12-15,414,108,3,2,14,42,4,32,2024-12-15 03:05:13,2024-12-15 15:08:13,2024-12-15 15:49:13,13.003571,76.253238,"On 15th December 2024 at around 3:05 am, Kodagu Town Police Station received a complaint from Oni Khanna regarding an illegal racing incident that took place on the Kodagu-Mysuru highway. The complainant alleged that Avni Sarin and Christopher Shroff were involved in a high-speed race on their vehicles, which resulted in the death of January S"
149,FIR202600149,CASE202600149,2025-03-05,451,163,2,2,3,9,4,47,2025-03-04 18:55:40,2025-03-04 23:49:40,2025-03-05 00:07:40,15.110127,74.445013,"On March 4th, 2025 at approximately 6:55 PM, Udupi North Police Station received a complaint from Chaitanya Guha regarding identity theft committed by Advika Sangha, Wakeeta Chaudhari, and Vasana Sheth against Raghav Radhakrishnan and Brinda Varkey. The complainant alleges that the accused created fake social media accounts"
150,FIR202600150,CASE202600150,2026-07-10,411,111,3,1,10,28,4,32,2026-07-10 04:31:28,2026-07-10 14:20:28,2026-07-10 16:09:28,12.982297,76.27424,"On 10th July 2026 at around 4:31 am, Arya Patel (complainant) lodged a complaint at Kodagu North Police Station, Kodagu district, regarding dowry harassment against Deepa Sridhar (accused). The victim, Alka Kohli, is alleging that she has been subjected to physical and verbal abuse by the"
151,FIR202600151,CASE202600151,2025-11-03,304,145,1,1,10,30,3,42,2025-11-03 10:15:31,2025-11-03 11:26:31,2025-11-03 12:05:31,17.558522,74.005583,"On 3rd November 2025 at around 10:15 am, Ramanagara North Police Station received a complaint from Orinder Gade regarding stalking of his friend Vrishti Subramaniam and sister Yutika Thaman by Wahab Wali, Forum Jayaraman, and Tripti Oza. The complainant alleged that the accused had been following and"
152,FIR202600152,CASE202600152,2025-06-04,227,98,2,2,14,40,5,28,2025-06-03 20:17:44,2025-06-04 07:42:44,2025-06-04 07:55:44,17.428642,77.615583,"On 3rd June 2025 at around 8:17 PM, Ekaja Ghose filed a complaint at Haveri East Police Station regarding a traffic crime committed by Nathan Padmanabhan. The accused was driving under the influence of alcohol, which resulted in an accident involving Reva Bassi. As a result, Bassi sustained serious injuries and was taken to a nearby hospital for treatment."
153,FIR202600153,CASE202600153,2025-07-31,410,85,1,2,12,36,2,23,2025-07-31 02:33:08,2025-07-31 09:59:08,2025-07-31 11:02:08,13.328298,78.324933,"On 31st July 2025 at approximately 2:33 am, a complaint was filed by Charan Amble at Dharwad North Police Station, Dharwad district, regarding illegal encroachment of property. The complainant alleged that Ethan Sathe and Zansi Kapadia had damaged the property of Kabir Gulati and Manya Ranganathan without any legal authority"
154,FIR202600154,CASE202600154,2024-10-18,287,88,3,1,13,39,5,25,2024-10-18 09:13:33,2024-10-18 12:09:33,2024-10-18 12:20:33,12.68317,77.367038,"On 18th October 2024 at approximately 9:13 am, Tamanna Nagarajan, a resident of Gadag Town, lodged a complaint at the Gadag Town Police Station regarding an organized crime incident that occurred earlier that day. The complainant alleged that Ethan Sane, a resident of the same locality, had been involved in smuggling activities and had caused"
155,FIR202600155,CASE202600155,2025-01-01,124,120,1,1,5,14,4,36,2025-01-01 02:14:16,2025-01-01 10:52:16,2025-01-01 11:53:16,15.078867,74.468703,"On 01-01-2025 at approximately 02:14:16hrs, Frederick Golla (Complainant) reported to Mandya Town Police Station that Sai Verma (Victim) was brutally murdered by Caleb Dhawan (Accused) in a contract killing. The accused had hired a hitman to eliminate the victim due to a personal grud"
156,FIR202600156,CASE202600156,2025-03-24,323,69,1,2,6,17,1,19,2025-03-23 18:53:33,2025-03-24 00:36:33,2025-03-24 02:07:33,15.570469,77.246552,"On 23rd March 2025 at approximately 18:53 hours, a serious assault took place at Chitradurga North Police Station in the jurisdiction of Chitradurga district. The complainant Wahab Bera reported that the victim Chameli Majumdar was attacked by Maanav Swaminathan resulting in grievous injuries. Further investigation is underway to ascertain"
157,FIR202600157,CASE202600157,2025-09-20,361,171,1,2,4,11,5,50,2025-09-20 01:37:53,2025-09-20 02:37:53,2025-09-20 03:08:53,18.166472,78.241239,"On September 20, 2025 at approximately 1:37 AM, Nisha Gole filed a complaint with Vijayanagara West Police Station regarding an insurance fraud committed by Jason Balakrishnan. According to the complainant, Balakrishnan falsely claimed that his car was stolen and made an insurance claim worth 50,00"
158,FIR202600158,CASE202600158,2025-01-05,49,41,3,1,5,14,1,14,2025-01-04 23:54:46,2025-01-05 01:25:46,2025-01-05 03:05:46,15.604573,77.68808,"On January 4th, at approximately 11:54 PM, a murder occurred at a residential complex in BTM Layout, Bengaluru Urban. The victim, Warhi Kohli (32) and Mitali Chander (28), were found dead with multiple stab wounds inside their residence. The complainant, Upadhriti Sood, reported that she heard loud noises coming from"
159,FIR202600159,CASE202600159,2024-12-29,131,12,2,2,9,27,3,2,2024-12-28 20:46:21,2024-12-28 23:11:21,2024-12-29 01:06:21,16.676556,77.114411,"On 28th December 2024 at around 8:46 PM, Geetika Bhattacharya, the complainant, reported to Ballari Market Police Station that her friend Kritika Parekh went missing after they were together at a party in Ballari. The last time Kritika was seen was when she left the party with an unknown person identified as Garima Thakur. An investigation has been"
160,FIR202600160,CASE202600160,2024-09-12,248,22,1,2,14,41,5,6,2024-09-12 08:27:28,2024-09-12 16:03:28,2024-09-12 16:59:28,11.71259,74.423768,"On 12th September 2024 at around 8:27 am, a hit-and-run incident occurred near Angol Police Station in Belagavi district. The complainant, Jasmit Deep, reported that his friend Rushil Kapadia was knocked down by a speeding vehicle whose driver fled the scene without providing any assistance or details. The accused, Gabriel Modi and Darika Bali"
161,FIR202600161,CASE202600161,2025-10-21,166,52,1,2,6,16,5,15,2025-10-20 21:36:31,2025-10-21 06:29:31,2025-10-21 08:02:31,16.325226,75.586004,"On 20th October 2025 at approximately 9:36 PM, a simple assault case was reported at Bidar North Police Station, Bidar district. The complainant, David Krishnan, alleged that the accused, Maya Pall, physically attacked him, causing him bodily harm. The victim, Sachi Chaudhuri, sustained minor injuries during the incident."
162,FIR202600162,CASE202600162,2025-01-04,51,125,2,1,7,21,4,37,2025-01-04 03:37:51,2025-01-04 12:42:51,2025-01-04 13:37:51,15.932778,77.65961,"On January 4th, 2025 at around 3:37 AM, Vijayanagar Police Station in Mysuru received a complaint from Lekha Virk regarding the kidnapping of her friends, Varenya Gole and Yagnesh Mital. The accused, Urvi Chhabra and Anusha Butala, are alleged to have kidnapped the victims with the intention"
163,FIR202600163,CASE202600163,2026-05-07,116,34,2,1,2,6,1,13,2026-05-06 12:58:03,2026-05-06 22:30:03,2026-05-06 22:59:03,15.649675,77.751532,"On May 6th, 2026 at approximately 12:58 PM, a chain snatching incident occurred at Madiwala Police Station in Bengaluru Urban District. The complainant, Falguni Chana, reported that her friend Aishani Sabharwal was the victim of the crime committed by Abeer Swamy."
164,FIR202600164,CASE202600164,2026-04-03,289,55,2,2,4,10,2,16,2026-04-03 13:16:55,2026-04-03 18:28:55,2026-04-03 18:55:55,12.19672,75.759769,"On 03-Apr-22 at approximately 13:16 hrs, Champak Bath (Complainant) reported to Chamarajanagar East Police Station that Tanmayi Bora (Victim) had issued a cheque in favor of Unnati Tata (Accused) for a sum of Rs.50,000 as payment for goods purchased from her business. However"
165,FIR202600165,CASE202600165,2024-09-12,169,109,1,2,3,9,4,32,2024-09-12 06:06:38,2024-09-12 14:54:38,2024-09-12 16:11:38,13.011295,76.320461,"On September 12, 2024, at approximately 6:06 a.m., Kodagu East Police Station received a complaint from William Sama regarding identity theft committed by Alexander Chaudhary. The victim, Edhitha Keer, had her personal information stolen and used to create fake social media accounts without her knowledge or consent. The accused is believed to have carried out this cyber"
166,FIR202600166,CASE202600166,2025-01-10,147,127,3,2,14,42,3,37,2025-01-10 16:20:28,2025-01-10 19:48:28,2025-01-10 20:01:28,15.859836,77.667435,"On 10th January 2025 at approximately 4:20 pm, Tripti Sastry, the complainant, reported an illegal racing incident that occurred on the Mysuru-Bengaluru highway. The accused, Pavani Zachariah and Nachiket Ramachandran, were seen racing their vehicles at high speeds, posing a significant threat to other road users. Further investigation revealed"
167,FIR202600167,CASE202600167,2025-11-17,298,130,3,1,10,28,3,40,2025-11-17 04:31:19,2025-11-17 13:35:19,2025-11-17 14:19:19,15.86009,77.61327,"On 17th November 2025 at approximately 4:31 am, Aashi Dugar, the complainant, reported to Saraswathipuram Police Station in Mysuru district that her sister Pooja Mangat and brother-in-law Robert Radhakrishnan were subjected to dowry harassment by their husband Azaan Bala and his wife Nimrat"
168,FIR202600168,CASE202600168,2024-12-25,244,11,3,1,2,6,1,3,2024-12-24 13:21:34,2024-12-24 23:59:34,2024-12-25 01:08:34,16.636118,77.151692,"On 24th December 2024 at approximately 13:21:34 hours, a robbery occurred in Ballari Central Police Station jurisdiction, where Madhavi Swamy, the victim, had her chain snatched by Nitara Purohit and Mitali Lanka, the accused. The complainant, Vanya Chakrabarti, reported the incident to the police"
169,FIR202600169,CASE202600169,2024-10-26,281,144,1,1,8,24,2,42,2024-10-26 12:45:08,2024-10-26 19:23:08,2024-10-26 20:28:08,17.517531,74.037861,"On 26th October 2024 at around 12:45 pm, Ramanagara West Police Station received a complaint from Vasatika Om regarding the drug offense committed by Tarak Zacharia and Bhanumati Vig. The complainant alleged that the accused were found manufacturing drugs in their residential premises located in Ramanagara district. Further investigation revealed that the"
170,FIR202600170,CASE202600170,2026-05-28,70,25,1,1,13,38,1,8,2026-05-28 05:20:33,2026-05-28 15:01:33,2026-05-28 15:28:33,15.38625,77.294022,"On 28th May 2026 at approximately 5:20:33 AM, a complaint was filed by Damyanti Bath at Bengaluru Rural West Police Station, Bengaluru Rural district, regarding an organized crime of extortion committed by Jagdish Comar and Ansh Sunder against Abha Dara. The incident is alleged to have occurred on the same date and"
171,FIR202600171,CASE202600171,2025-09-07,293,55,4,2,9,27,5,16,2025-09-07 15:04:57,2025-09-07 18:27:57,2025-09-07 19:19:57,12.210793,75.760688,"On September 7, 2025, at approximately 3:04 pm, Umang Shankar filed a missing person report at the Chamarajanagar East Police Station in Chamarajanagar district. Jonathan Srivastava, a resident of Chamarajanagar, was reported missing by his family after he failed to return home from his workplace on September 6, 2025"
172,FIR202600172,CASE202600172,2025-06-28,470,39,1,1,13,39,3,13,2025-06-28 18:04:47,2025-06-28 20:25:47,2025-06-28 20:42:47,15.61819,77.694313,"On 28th June 2025 at around 6:04 pm, Peenya Police Station in Bengaluru Urban district received a complaint from Shaurya Kothari regarding the smuggling of goods by Xalak Walla. The victim, Garima Prabhu, reported that she had hired Xalak Walla to transport her consignment of goods worth Rs 50"
173,FIR202600173,CASE202600173,2026-02-09,494,134,2,2,6,16,5,39,2026-02-08 12:08:30,2026-02-08 23:17:30,2026-02-09 00:06:30,15.913375,77.623396,"On 8th February 2026 at approximately 12:08 pm, a simple assault occurred at Krishnaraja Police Station in Mysuru district. Ekaja Gokhale, the complainant, reported that Urvashi Hans and Bhavya Wali were physically attacked by Mohammed Patil, Mahika Buch, and Vamakshi Deshpande. The victims sustained minor"
174,FIR202600174,CASE202600174,2026-02-25,324,83,4,2,3,9,1,24,2026-02-24 23:43:48,2026-02-25 05:18:48,2026-02-25 06:11:48,13.37399,78.334408,"On 24th February 2026 at approximately 11:43 PM, a cybercrime was reported at Dharwad East Police Station in the district of Dharwad. The complainant Arjun Raj reported that his identity had been stolen by Frado Bawa and Mitali Talwar. The accused duo is suspected to have gained unauthorized access to Raj's"
175,FIR202600175,CASE202600175,2024-12-07,104,179,1,2,11,33,4,52,2024-12-07 09:21:23,2024-12-07 18:44:23,2024-12-07 18:51:23,17.630723,78.361316,"On 7th December 2024 at approximately 9:21 am, a complaint was filed by Darpan Purohit regarding a forgery incident that occurred in Yadgir East Police Station's jurisdiction. The complainant alleges that Amol Rama and Kiaan Wadhwa were defrauded of a sum of money by Chaman Anne, Lajita Th"
176,FIR202600176,CASE202600176,2024-10-01,58,48,3,1,13,38,2,10,2024-10-01 00:57:39,2024-10-01 05:05:39,2024-10-01 05:29:39,15.632184,77.757085,"On 1st October 2024 at approximately 00:57:39 hours, a complaint was filed by Wazir Andra at Bellandur Police Station, Bengaluru Urban regarding an organized crime of extortion committed by Daksh Divan against Damyanti Parmar. Further investigation revealed that the accused had been threatening and intimidating the victim to pay him a sum of"
177,FIR202600177,CASE202600177,2025-05-29,469,130,1,2,11,32,5,39,2025-05-29 18:24:35,2025-05-29 22:02:35,2025-05-29 22:55:35,15.84271,77.659738,"On 29th May 2025 at around 6:45 PM, Yagnesh Bassi, a resident of Saraswathipuram, Mysuru, reported a tax fraud incident to the Saraswathipuram Police Station. The complainant alleged that Charvi Narasimhan, Varsha Nair, and Sara Rau had committed an economic offense by f"
178,FIR202600178,CASE202600178,2025-05-24,430,40,2,2,12,35,1,10,2025-05-24 09:11:52,2025-05-24 16:34:52,2025-05-24 18:05:52,15.65999,77.769928,"On May 24th, 2025 at approximately 9:11 am, a complaint was filed at Banashankari Police Station in Bengaluru Urban district regarding vandalism of property belonging to Balvan Nair by Tejas Buch. According to the complainant Advik Sharaf, the accused had deliberately damaged the property with the intention of causing harm. Further investigation is underway"
179,FIR202600179,CASE202600179,2025-06-25,57,18,4,2,4,12,2,7,2025-06-24 16:26:45,2025-06-24 22:17:45,2025-06-25 00:02:45,11.721724,74.401581,"On 24th June 2025 at approximately 16:26:45 hours, a complaint was lodged by Daniel Warrior at Vadgaon Police Station in Belagavi district regarding an investment scam committed by Triveni Chandra. The victim, Rayaan Bhagat, had invested a significant amount of money with Chandra, who promised unrealistic returns. However"
180,FIR202600180,CASE202600180,2025-12-30,73,154,4,1,8,23,4,46,2025-12-30 11:42:33,2025-12-30 21:15:33,2025-12-30 22:13:33,12.606169,74.006964,"On 30th December 2025 at approximately 11:42:33 am, Tumakuru West Police Station received a complaint from Rohan Merchant regarding drug trafficking by Utkarsh Sengupta. The victim, Shravya Divan, was allegedly administered drugs without her consent by the accused. An investigation has been initiated to determine the circumstances surrounding"
181,FIR202600181,CASE202600181,2025-11-20,250,109,2,2,14,41,1,32,2025-11-20 08:22:34,2025-11-20 19:52:34,2025-11-20 21:48:34,13.017633,76.271167,"On 20th November 2025 at approximately 8:22 am, Triveni Vala, the complainant, reported a hit and run incident that occurred on Kodagu East Road. The accused, Samaksh Sur, was driving his vehicle when it collided with Jatin Kibe's scooter. Despite causing damage to the scooter, the accused fled the scene without providing any"
182,FIR202600182,CASE202600182,2026-07-02,271,127,1,1,5,13,2,38,2026-07-02 06:35:31,2026-07-02 12:03:31,2026-07-02 14:03:31,15.842145,77.675514,"On 02nd July 2026 at approximately 06:35:31 hours, a murder incident occurred at Noah Parikh's residence located in Mysuru, Karnataka. The victim, Eta Sastry and Hitesh Jani were found dead with multiple stab wounds inside the residence. The accused, Ikshita Chadha, Rohan Behl,"
183,FIR202600183,CASE202600183,2024-10-02,161,52,2,2,14,41,3,15,2024-10-02 02:40:27,2024-10-02 04:06:27,2024-10-02 04:17:27,16.350058,75.549482,"On 02nd October 2024 at approximately 2:40 am, a hit and run incident occurred near Bidar North Police Station in Bidar district. The complainant, Nisha Sangha, reported that the accused, Daksha Sagar, had intentionally hit her husband, Bahadurjit Rama, with their vehicle before speeding away from the scene. The incident resulted in"
184,FIR202600184,CASE202600184,2025-05-09,322,177,1,2,6,16,1,51,2025-05-09 06:48:49,2025-05-09 13:47:49,2025-05-09 14:04:49,11.638527,78.274134,"On May 9th, 2025 at approximately 6:48 PM, a simple assault took place at Vijayapura South Police Station's jurisdiction. Logan Dey, the complainant, reported that Ishaan Dara, Ansh Tripathi, and Aarush Korpal had physically harmed Alka Baral and Meera Kar. The incident occurred on a street in"
185,FIR202600185,CASE202600185,2025-03-25,98,126,1,1,5,14,2,38,2025-03-24 15:56:15,2025-03-25 04:26:15,2025-03-25 05:28:15,15.846612,77.610983,"On 24th March 2025 at approximately 15:56hrs, a murder case was reported at Nazarbad Police Station in Mysuru district. The complainant Imaran Sura reported that his wife Harshil Devi was found dead with multiple stab wounds at their residence. Further investigation revealed that the accused Barkha Venkatesh, a known enemy of the victim, had"
186,FIR202600186,CASE202600186,2026-04-05,253,141,3,2,4,10,5,41,2026-04-05 00:30:27,2026-04-05 13:08:27,2026-04-05 14:20:27,14.1367,78.561295,"On 5th April 2026 at around 12:30 am, Raichur South Police Station received a complaint from Raghav Radhakrishnan regarding fraudulent cheques issued by Ira Mitra, Max Sami and Parth Mistry in the name of Nathaniel Sachdev and Ekalinga Thakkar. The complainant alleges that he had given these individuals"
187,FIR202600187,CASE202600187,2025-01-18,188,4,3,1,2,4,2,1,2025-01-18 08:31:32,2025-01-18 16:11:32,2025-01-18 17:57:32,15.971055,74.103821,"On January 18th, 2025 at approximately 8:31 AM, a robbery occurred on the Bagalkote Highway involving three accused Veer Dayal, Daniel Prabhu and Bhavna Basu who stole valuables worth Rs. 1,50,000 from two victims Balvan Varkey and Anusha Ram, while they were traveling in their car"
188,FIR202600188,CASE202600188,2024-12-07,296,107,4,1,10,30,1,30,2024-12-07 05:52:51,2024-12-07 17:24:51,2024-12-07 18:42:51,14.323735,74.325023,"On December 7, 2024 at approximately 5:52 a.m., Alka Kohli, the complainant, reported to Kalaburagi Market Police Station that Chakradev Tella, the victim, was being stalked by Vyanjana Thakkar. The accused has been following the victim and making unwanted advances towards her despite her repeated rejections. The victim is a"
189,FIR202600189,CASE202600189,2025-06-11,441,1,1,1,10,29,2,1,2025-06-11 10:05:23,2025-06-11 20:31:23,2025-06-11 20:59:23,16.022144,74.156424,"On 11th June 2025 at approximately 10:05 am, a complaint was filed by Vrishti Subramaniam (complainant) regarding an incident of sexual harassment committed against Deepa Sengupta (victim) by Gautam Sachdeva (accused) at Bagalkote Town Police Station, Bagalkote district. The accused is known to"
190,FIR202600190,CASE202600190,2025-05-23,95,178,3,1,2,6,5,52,2025-05-23 03:51:16,2025-05-23 13:41:16,2025-05-23 14:50:16,17.634954,78.355569,"On 23rd May 2025 at approximately 3:51 am, Yutika Thaman, a resident of Yadgir Town, reported to the police station that her chain was snatched by three individuals, namely Nicholas Golla, Xiti Trivedi and Jatin Dass. The incident occurred near the Yadgir Bus Stand while she was on her way home with her friends Tara"
191,FIR202600191,CASE202600191,2025-02-09,308,66,1,2,11,32,3,19,2025-02-08 21:20:55,2025-02-09 03:07:55,2025-02-09 03:14:55,15.59245,77.271512,"On 8th February 2025 at around 9:40 PM, a tax fraud case was reported at Chitradurga Town Police Station in Chitradurga district. The complainant, Reva Bassi, alleged that the accused, Ekiya Mammen, had committed an economic offense by falsifying tax returns and causing a loss of Rs 50000"
192,FIR202600192,CASE202600192,2025-01-19,286,102,1,1,13,39,3,31,2025-01-19 04:24:46,2025-01-19 07:26:46,2025-01-19 08:16:46,14.293733,74.319402,"On 19th January 2025 at approximately 4:24 am, a complaint was filed at Kalaburagi East Police Station by Kabir Gulati regarding an organized crime incident involving smuggling. The victim, Madhav Sinha and Zansi Pandya, were allegedly transported to an unknown location against their will by Gabriel Sachdev and Vamakshi Andra. Further"
193,FIR202600193,CASE202600193,2026-05-19,28,35,4,2,12,35,2,12,2026-05-19 09:32:43,2026-05-19 12:36:43,2026-05-19 14:12:43,15.627425,77.734597,"On 19th May 2026 at approximately 9:32 am, Yelahanka Police Station received a complaint from Manya Ranganathan regarding vandalism committed by Dayamai Mall on the property of Arin Nath in Bengaluru Urban district. The accused is alleged to have damaged the complainant's car tires and scratched the paint of their house with sharp objects"
194,FIR202600194,CASE202600194,2025-06-07,410,87,2,2,15,43,3,24,2025-06-07 11:17:01,2025-06-07 16:49:01,2025-06-07 17:44:01,13.365906,78.259784,"On 7th June 2025 at approximately 11:17 am, a riot broke out in front of the Dharwad Central Police Station in Dharwad district. The incident involved a group of individuals led by Jonathan Setty, Nisha Ahluwalia and Jeremiah Kota who were protesting against the construction of a new factory in their neighborhood. The protesters began to throw stones and"
195,FIR202600195,CASE202600195,2026-04-05,291,60,2,1,5,14,1,17,2026-04-04 18:54:53,2026-04-05 06:15:53,2026-04-05 06:54:53,13.381594,74.22423,"On 04th April 2026 at around 18:54:53 hours, a brutal murder took place at Samuel Chadha and Yamini Dube's residence in Chikkaballapur West Police Station jurisdiction. The complainant, Sai Verma, reported that the accused, Upadhriti Chaudhuri, Vamakshi Grewal,"
196,FIR202600196,CASE202600196,2025-08-24,273,19,4,2,12,35,4,7,2025-08-23 16:50:27,2025-08-23 23:01:27,2025-08-24 00:09:27,11.735035,74.458868,"On 23rd August 2025 at approximately 4:50 PM, a complaint was filed by Utkarsh Raval regarding vandalism committed by Ryan Gour and Meghana Ghosh at APMC Police Station in Belagavi district. The accused are alleged to have damaged the property of Ojas Sibal and Laksh Contractor without any provocation. Further investigation is underway to"
197,FIR202600197,CASE202600197,2024-08-28,270,84,3,1,13,37,4,23,2024-08-28 15:37:43,2024-08-28 18:04:43,2024-08-28 19:26:43,13.382688,78.291829,"On 28th August 2024 at approximately 15:37:43 hours, a complaint was filed by Warhi Kohli at Dharwad West Police Station, Dharwad district, regarding an organized crime incident involving gang activity. The victim, Akshay Sinha, was allegedly attacked and injured by Niharika Shan and her accomplices. Further investigation revealed that the accused"
198,FIR202600198,CASE202600198,2026-07-13,169,109,1,2,6,18,3,32,2026-07-13 03:59:33,2026-07-13 09:27:33,2026-07-13 10:49:33,12.99436,76.291647,"On 13th July 2026 at around 3:59 am, Mitali Chander, the complainant, reported an incident of domestic violence against her husband Viraj Deep and his friend Amruta Bhattacharyya, who are also the accused. The accused, Nandini Dixit and Gaurav Nagy, physically assaulted the victim, Viraj Deep, at"
199,FIR202600199,CASE202600199,2026-03-18,147,127,4,2,1,3,3,37,2026-03-17 13:04:02,2026-03-17 23:31:02,2026-03-18 00:11:02,15.892106,77.70614,"On 17th March 2026 at approximately 13:04:02 hours, a theft incident occurred at Devaraja Police Station in Mysuru district. The complainant Jeet Parekh reported that his mobile phone worth Rs.50,000 was stolen from his residence by an accused Gaurangi Prasad. Further investigation revealed that the accused had earlier visited"
200,FIR202600200,CASE202600200,2026-06-21,194,86,1,2,11,33,4,23,2026-06-21 08:17:52,2026-06-21 14:49:52,2026-06-21 16:36:52,13.324381,78.271254,"On 21st June 2026 at approximately 8:17 am, a complaint was filed by Rushil Kapadia regarding a forgery incident that occurred at Dharwad South Police Station in Dharwad district. The victim, Vincent Nanda, alleges that his signature was forged on a cheque worth Rs. 50,000, which was then used to withdraw"
201,FIR202600201,CASE202600201,2026-05-21,418,145,4,2,1,1,1,42,2026-05-21 15:10:22,2026-05-21 19:59:22,2026-05-21 21:26:22,17.524959,74.04149,"On 21st May 2026 at approximately 3:10 pm, Ramanagara North Police Station received a complaint from Sachi Chaudhuri regarding the theft of her vehicle, a white Toyota Corolla, which was parked outside her residence in Ramanagara. The complainant alleges that when she returned to her vehicle after completing her work, it was found missing"
202,FIR202600202,CASE202600202,2026-03-26,418,145,1,1,10,28,4,42,2026-03-26 16:07:08,2026-03-26 22:30:08,2026-03-26 23:31:08,17.537665,74.01629,"On March 26, 2026 at approximately 4:07 PM, Varenya Gole, the complainant, reported to Ramanagara North Police Station that her sister-in-law, Bhavani Pingle, was subjected to dowry harassment by her husband, Ridhi Dewan. The accused has been harassing and torturing Bhavani since their"
203,FIR202600203,CASE202600203,2024-11-20,164,93,4,2,6,18,3,27,2024-11-20 00:39:05,2024-11-20 04:46:05,2024-11-20 04:54:05,18.39053,76.945731,"On 20th November 2024 at approximately 1:39 AM, a domestic violence incident occurred at the residence of Ekaraj Guha and Hemangini Sha in Hassan East Police Station jurisdiction. The complainant, Yagnesh Mital, reported that Noah Raman and Yash Bala physically assaulted them, causing bodily harm. The accused are known to the victims"
204,FIR202600204,CASE202600204,2025-07-08,379,156,1,1,5,14,4,46,2025-07-08 02:21:10,2025-07-08 07:00:10,2025-07-08 07:41:10,12.550304,74.016271,"On 8th July, 2025 at approximately 2:21 am, a murder occurred at 100/1, Newtown Layout, Tumakuru South Police Station, Tumakuru district. The victim Raksha Chowdhury (30), a resident of the above mentioned address was found dead with multiple stab wounds by her husband Advaith Sabharwal who had returned from"
205,FIR202600205,CASE202600205,2024-12-24,189,76,1,1,8,22,4,21,2024-12-24 04:53:43,2024-12-24 07:44:43,2024-12-24 09:16:43,18.436288,77.956611,"On 24th December 2024 at around 04:53:43 pm, Tanmayi Bora, a resident of Dakshina Kannada Market Police Station in Dakshina Kannada District, reported a drug offense to the police. The accused, Ekbal Sehgal and Gaurav Sankaran, were found possessing drugs without proper prescription. The victims,"
206,FIR202600206,CASE202600206,2025-05-08,312,146,3,2,15,44,2,43,2025-05-08 03:28:33,2025-05-08 16:13:33,2025-05-08 17:47:33,16.759534,77.50673,"On May 8th, 2025 at approximately 3:28 am, a complaint was filed by Dev Keer regarding a public nuisance incident that occurred in Shivamogga Town. The complainant alleged that Ekanta Narain and Yashawini Nanda created a disturbance in the area, causing inconvenience to the residents. Further investigation revealed that the accused were involved in"
207,FIR202600207,CASE202600207,2024-09-03,413,48,2,1,2,4,2,12,2024-09-03 10:46:29,2024-09-03 15:36:29,2024-09-03 16:44:29,15.63609,77.744135,"On September 3rd, 2024 at approximately 10:46 am, Bellandur Police Station received a complaint from Robert More regarding a robbery incident that occurred on the highway. The victim, Vanya Raja, reported that two individuals, Manan Dash and Nikita Sawhney, had robbed her of her valuables while she was traveling on the highway. An investigation into"
208,FIR202600208,CASE202600208,2025-04-22,8,131,4,1,13,39,2,40,2025-04-22 05:54:03,2025-04-22 16:50:03,2025-04-22 17:06:03,15.894318,77.692992,"On April 22, 2025 at approximately 05:54:03 AM, a complaint was filed by Vasatika Saran at Metagalli Police Station in Mysuru district regarding an organized crime incident involving smuggling. The victim, Gautam Munshi, reported that he was attacked and injured by Chasmum Ganesh, who is accused of smuggling goods il"
209,FIR202600209,CASE202600209,2026-07-03,146,129,4,2,9,26,4,38,2026-07-03 02:22:02,2026-07-03 12:26:02,2026-07-03 12:47:02,15.868437,77.671544,"On 3rd July 2026 at around 2:22 am, Orinder Mangat (Complainant) reported to Lashkar Police Station in Mysuru district that his wife Janani Dara (Victim) has gone missing since yesterday evening. The Victim was last seen at their residence in Lashkar and her mobile phone is also unreachable. The Complainant has no idea where"
210,FIR202600210,CASE202600210,2025-01-30,47,10,3,2,3,9,5,3,2025-01-30 06:38:37,2025-01-30 10:27:37,2025-01-30 10:48:37,16.641854,77.150405,"On January 30, 2025 at approximately 6:38 AM, Ballari South Police Station received a complaint from Robert Radhakrishnan regarding identity theft committed by Ladli Chandran against Bina Malhotra. According to the complainant, Ladli Chandran used Bina Malhotra's personal information without her consent and created multiple social media accounts in her name."
211,FIR202600211,CASE202600211,2026-02-08,381,119,1,2,9,25,3,34,2026-02-08 02:39:07,2026-02-08 05:49:07,2026-02-08 06:35:07,14.503585,76.71747,"On 8th February 2026 at approximately 2:39 am, Koppal North Police Station received a complaint from Madhavi Swamy regarding the disappearance of her seven-year-old son Tanveer Kamdar. The complainant alleges that Tanveer was last seen with his friend Aishani Dash in the vicinity of their residence in Koppal. Further investigation revealed that"
212,FIR202600212,CASE202600212,2025-06-16,30,139,3,2,14,40,3,41,2025-06-16 00:39:57,2025-06-16 05:19:57,2025-06-16 06:34:57,14.116793,78.585181,"On 16th June 2025 at around 00:39:57, a traffic crime was reported at Raichur West Police Station in Raichur district. The complainant, Onveer Salvi, filed a complaint against Maya Nadkarni for driving under the influence of alcohol, which resulted in an accident involving Shivani Aggarwal as the victim. Further"
213,FIR202600213,CASE202600213,2025-05-24,162,5,1,2,9,27,2,1,2025-05-23 23:19:19,2025-05-24 09:56:19,2025-05-24 10:20:19,16.018798,74.102806,"On 23rd May 2025 at around 11:19 PM, Bagalkote South Police Station received a complaint from Abha Dara regarding her sister Baghyawati Chana's disappearance. The victim was last seen with Bhavini Swamy, who is known to have a history of criminal activity. An investigation has been launched to locate the missing person and bring the accused to justice."
214,FIR202600214,CASE202600214,2026-06-13,338,17,3,2,14,42,1,5,2026-06-12 22:21:24,2026-06-12 23:26:24,2026-06-12 23:36:24,11.742147,74.409937,"On 12th June 2026 at approximately 22:21:24 hours, a complaint was lodged by Lajita Srivastava at Malmaruti Police Station in Belagavi district regarding an illegal racing incident that took place on the National Highway. The complainant alleged that the accused, Hema Kothari, was involved in a high-speed race with other vehicles,"
215,FIR202600215,CASE202600215,2026-07-10,72,31,2,1,13,39,4,12,2026-07-10 09:15:03,2026-07-10 19:55:03,2026-07-10 20:03:03,15.630074,77.752893,"On 10th July 2026 at approximately 9:15 am, a complaint was filed by Faras Prabhu at Jayanagar Police Station, Bengaluru Urban, regarding an organized crime of smuggling. The complainant alleges that Yutika Shankar and Azad Cherian were assaulted and kidnapped by Aishani Raj, Ekanta Singh, and Rey"
216,FIR202600216,CASE202600216,2025-08-27,248,22,3,1,8,22,4,7,2025-08-27 14:57:31,2025-08-27 20:26:31,2025-08-27 20:40:31,11.697013,74.441795,"On 27th August 2025 at approximately 14:57:31 hours, a complaint was filed by Bhavya Wali at Angol Police Station in Belagavi district regarding a drug offense. The accused, Samesh Chakraborty, was found possessing drugs without proper prescription. Ekavir Sagar, the victim, reportedly witnessed the incident"
217,FIR202600217,CASE202600217,2025-12-23,464,100,4,2,4,11,5,28,2025-12-22 19:15:02,2025-12-22 22:35:02,2025-12-23 00:30:02,17.424275,77.623519,"On 22nd December 2025 at approximately 7:15 PM, Zaitra Tank, the complainant, reported to Haveri North Police Station that Chanchal Mander and Shaurya Agrawal were defrauded by Frederick Goda, Fiyaz Buch, and Hitesh Vig. The accused individuals allegedly conspired to commit insurance fraud by fabric"
218,FIR202600218,CASE202600218,2024-11-12,315,72,4,2,3,8,5,21,2024-11-11 17:33:07,2024-11-12 02:39:07,2024-11-12 03:24:07,18.378008,77.910497,"On 11th November 2024 at approximately 5:33 PM, a cybercrime was reported at Dakshina Kannada West Police Station in Dakshina Kannada district. The complainant, Lila Wadhwa, reported that her friend, Fariq Bassi, had fallen victim to a phishing scam after receiving an email appearing to be from a legitimate source"
219,FIR202600219,CASE202600219,2025-02-22,409,65,2,2,3,7,1,18,2025-02-21 23:24:32,2025-02-22 04:48:32,2025-02-22 06:43:32,12.012163,75.386874,"On February 21st, 2025 at approximately 11:46 PM, Chikkamagaluru North Police Station received a complaint from Damyanti Parmar regarding an online fraud committed by Eesha Tank and Meera Kannan against Bimala Keer. The complainant alleged that the accused had created fake social media profiles and used them to defraud the victim"
220,FIR202600220,CASE202600220,2026-06-21,352,69,2,2,14,41,5,19,2026-06-21 03:20:13,2026-06-21 15:40:13,2026-06-21 16:09:13,15.571167,77.237407,"On 21st June 2026 at approximately 3:20 am, a hit and run incident occurred near the Chitradurga North Police Station in the district of Chitradurga. The complainant, Ojasvi Khosla, reported that the accused, Caleb Choudhury and Chatresh Rana, were driving their vehicle when they collided with a car being driven"
221,FIR202600221,CASE202600221,2025-09-13,250,109,4,2,15,44,4,32,2025-09-13 11:47:14,2025-09-13 12:52:14,2025-09-13 13:47:14,13.011795,76.279456,"On September 13th, 2025 at approximately 11:47 am, a complaint was filed by Nakul Bains regarding a public nuisance incident that occurred in Kodagu East Police Station's jurisdiction. The accused, Janaki Talwar and Warjas Pall, allegedly created a disturbance in the public area by playing loud music without permission, disrupting the peace and"
222,FIR202600222,CASE202600222,2025-08-18,230,20,3,2,1,1,3,5,2025-08-17 20:15:32,2025-08-18 04:53:32,2025-08-18 06:50:32,11.753629,74.394428,"On 17th August 2025 at approximately 8:15 pm, a theft incident occurred at Fort Police Station in Belagavi district. The complainant, Balvan Nair, reported that his vehicle, a white Toyota Corolla, was stolen from outside his residence. The accused, Mugdha Dhillon and Urishilla Dixit, were identified by the victim as"
223,FIR202600223,CASE202600223,2026-01-13,253,141,1,2,14,40,4,41,2026-01-13 02:30:50,2026-01-13 06:26:50,2026-01-13 07:04:50,14.17586,78.565965,"On 13th January 2026 at around 2:30 am, a traffic crime was reported at Raichur South Police Station in Raichur district. The complainant Rayaan Bhagat reported that the accused Devika Butala and Samaksh Bahri were driving under the influence of alcohol, causing an accident involving Utkarsh Sheth and Banjeet Nayak. The incident"
224,FIR202600224,CASE202600224,2024-09-02,162,5,4,2,1,3,5,1,2024-09-02 09:21:15,2024-09-02 13:44:15,2024-09-02 14:59:15,15.983686,74.089823,"On September 2, 2024 at approximately 9:21 am, a mobile theft incident occurred at Bagalkote South Police Station in Bagalkote district. The complainant, Ronith Divan, reported that his mobile phone was stolen by an accused named Caleb Kunda. Further investigation revealed that the accused had snatched the victim's mobile phone from his person and fled the scene."
225,FIR202600225,CASE202600225,2025-09-17,457,180,3,2,14,42,5,52,2025-09-17 02:11:53,2025-09-17 04:19:53,2025-09-17 04:36:53,17.625574,78.381454,"On September 17, 2025 at approximately 2:11 AM, a traffic crime occurred in Yadgir West Police Station's jurisdiction. Jatin Kibe, the complainant, reported that Wahab Wali, the victim, was involved in an illegal race with Yatan Munshi and Lakshmi Lad on the Yadgir-Kalburga road. The three"
226,FIR202600226,CASE202600226,2025-07-21,224,100,3,1,13,37,2,28,2025-07-20 11:55:37,2025-07-20 22:27:37,2025-07-20 23:23:37,17.382638,77.574207,"On 20th July 2025 at approximately 11:55:37 AM, a complaint was filed at Haveri North Police Station by Eta Sastry regarding an organized crime incident involving gang activity. The victim, Faqid Jayaraman, reported that he was attacked and injured by Ganga Mutti and Jeevika Mahal, both known to be members of an illegal gang"
227,FIR202600227,CASE202600227,2026-03-30,395,64,3,1,13,38,5,18,2026-03-29 13:42:10,2026-03-29 21:51:10,2026-03-29 23:13:10,12.059779,75.337374,"On March 29th, 2026 at approximately 13:42:10 hours, a complaint was filed by Jagvi Jani at Chikkamagaluru West Police Station, regarding an extortion incident that occurred on the same day. The victim, Samesh Oza, reported that he was threatened and demanded money by two individuals, Chavvi Bava and Lila B"
228,FIR202600228,CASE202600228,2024-11-14,286,102,3,2,3,8,5,30,2024-11-13 15:07:51,2024-11-14 04:00:51,2024-11-14 04:43:51,14.293602,74.330531,"On 13th November 2024 at approximately 15:07:51 hours, a complaint was received at Kalaburagi East Police Station from Bhavna Rama regarding a cyber crime incident involving phishing. The victim, Meghana Shah, reported that she received an email from an unknown sender with a malicious link, which when clicked, compromised her sensitive personal and financial information."
229,FIR202600229,CASE202600229,2026-06-15,146,129,4,2,12,36,3,37,2026-06-15 10:12:26,2026-06-15 19:04:26,2026-06-15 19:11:26,15.849771,77.651122,"On 15th June 2026 at approximately 10:12 am, Alka Baral, the complainant, reported to Lashkar Police Station in Mysuru district that Nathan Padmanabhan's property was damaged due to illegal encroachment by Girish Amble. The accused had constructed a structure on the victim's land without proper authorization, causing damage to the property. Further investigation"
230,FIR202600230,CASE202600230,2024-09-19,117,137,4,1,10,29,1,41,2024-09-18 22:07:43,2024-09-19 08:37:43,2024-09-19 09:15:43,14.177951,78.594199,"On 18th September 2024 at approximately 22:07 hours, Meera Kar, the complainant, reported a case of sexual harassment against Falak Sathe, Zansi Kapadia and Sachi Garde, Widisha Bhandari and Samesh Dasgupta, the accused. The incident occurred at a private residence in Raichur Town, where the accused"
231,FIR202600231,CASE202600231,2024-12-04,7,6,2,2,12,34,5,4,2024-12-04 02:04:32,2024-12-04 10:14:32,2024-12-04 11:26:32,16.675395,77.140077,"On 4th December 2024 at around 2:04 am, Nathaniel Sachdev, a resident of Ballari Town, lodged a complaint at Ballari Town Police Station regarding an incident of property damage and arson committed by Devansh Nair. According to the complainant, Falak Sane's house was set on fire by the accused, causing significant damage to the property. The comp"
232,FIR202600232,CASE202600232,2025-09-25,22,89,4,2,3,9,2,25,2025-09-24 21:56:28,2025-09-24 23:32:28,2025-09-25 01:06:28,12.718833,77.334063,"On September 24th, 2025 at around 9:56 PM, Ekani Thakkar filed a complaint at Gadag East Police Station in Gadag district regarding identity theft committed by Wriddhish Mann and Ijaya Dixit. The victim, Chameli Dhawan, had her personal information stolen through a cyber attack, which was used to open"
233,FIR202600233,CASE202600233,2025-11-22,362,110,4,2,3,8,2,32,2025-11-21 16:19:51,2025-11-21 23:51:51,2025-11-22 01:35:51,13.038136,76.338558,"On 21st November 2025 at approximately 16:19:51hrs, a cybercrime was reported at Kodagu West Police Station, Kodagu District. The complainant, Bhavini Goel, reported that her friends Maanav Swaminathan and Krisha Balakrishnan were targeted by an online phishing scam through a fake email message"
234,FIR202600234,CASE202600234,2025-01-09,43,42,1,2,12,34,5,13,2025-01-08 15:54:45,2025-01-08 20:29:45,2025-01-08 21:15:45,15.626648,77.703599,"On January 8, 2025 at approximately 15:54:45, Anusha Ram of Eta Nagarajan reported to Koramangala Police Station that Ikshita Rao had intentionally set fire to her residential property located in the 12th Main Road, HAL 2nd Stage, Bengaluru Urban. The arson resulted in significant damage to the property"
235,FIR202600235,CASE202600235,2024-10-18,391,8,2,1,8,24,3,3,2024-10-17 13:54:05,2024-10-17 23:16:05,2024-10-18 00:47:05,16.651734,77.111082,"On 17th October 2024 at approximately 13:54hrs, a complaint was filed by Chakradev Tella at Ballari West Police Station, Ballari district, regarding a drug offense. The accused, Vedant Thakur and Kritika Kade, were allegedly found manufacturing drugs in a residential area. Ojasvi Mutti and Faras Th"
236,FIR202600236,CASE202600236,2026-04-26,81,47,4,2,4,10,3,9,2026-04-25 15:18:02,2026-04-26 00:37:02,2026-04-26 01:10:02,15.663174,77.699166,"On 25th April 2026 at approximately 15:18:02 hours, a complaint was lodged by Deepa Sengupta at Hennur Police Station, Bengaluru Urban, regarding a case of fraud committed by Kabir Babu, Chakradhar Tandon and Jason Sha. The complainant alleges that the accused persons issued cheques in her name without her"
237,FIR202600237,CASE202600237,2025-01-17,282,105,4,2,6,17,3,30,2025-01-16 14:19:02,2025-01-17 00:18:02,2025-01-17 02:04:02,14.269472,74.27945,"On 16th January 2025 at approximately 2:19 PM, a serious assault took place at a private residence in Kalaburagi South Police Station jurisdiction. The complainant Vansha Mani reported that the accused Aishani Basu and Christopher Kapur physically harmed Liam Pall and Thomas Chhabra with a blunt object. The victims sustained severe injuries and"
238,FIR202600238,CASE202600238,2025-09-24,338,17,4,2,15,44,3,5,2025-09-24 13:01:10,2025-09-24 16:19:10,2025-09-24 16:29:10,11.753205,74.3988,"On September 24, 2025 at approximately 13:01:10 hours, a public nuisance incident was reported at Malmaruti Police Station in Belagavi district. The complainant, Tara Sathe, alleged that the accused, Falan Mitra, had created a disturbance by playing loud music from his vehicle near the residence of the victim, Anmol Butala."
239,FIR202600239,CASE202600239,2025-10-12,372,101,4,2,11,32,4,29,2025-10-12 10:55:38,2025-10-12 15:07:38,2025-10-12 16:57:38,14.306129,74.292904,"On October 12, 2025 at approximately 10:55:38 am, a tax fraud incident occurred in Kalaburagi Town Police Station's jurisdiction. Complainant Caleb Bawa reported that accused Unni Mallick had committed the offense against victim Abha Swamy. Further investigation is required to determine the extent of the fraud and identify any additional suspects or accomp"
240,FIR202600240,CASE202600240,2025-05-21,255,143,3,2,3,7,5,42,2025-05-21 05:54:56,2025-05-21 18:31:56,2025-05-21 19:06:56,17.526347,74.073501,"On May 21st, 2025 at approximately 5:54 AM, Ramanagara East Police Station received a complaint from Madhav Sinha regarding an online fraud perpetrated by Ishwar Rajagopalan and Shivansh Kibe. The complainant alleges that Unnati Tata and Alexander Chaudhary were also victims of the scam. Further"
241,FIR202600241,CASE202600241,2025-09-16,17,148,2,2,11,31,1,44,2025-09-16 17:27:38,2025-09-16 19:53:38,2025-09-16 20:40:38,16.697667,77.573013,"On September 16, 2025 at approximately 17:27:38 hours, a complaint was filed by Zansi Pandya regarding money laundering committed by Balveer Konda and Yashasvi Dyal against the victim Onveer Zachariah. The incident occurred in Shivamogga, Karnataka. Further investigation is underway to gather evidence and"
242,FIR202600242,CASE202600242,2025-08-04,239,19,1,2,9,25,4,5,2025-08-03 20:35:15,2025-08-04 08:34:15,2025-08-04 10:31:15,11.741641,74.422998,"On August 3rd, 2025 at around 8:35 PM, APMC Police Station in Belagavi received a complaint from Aradhana Nath regarding her missing daughter, Nimrat Ramachandran. The complainant alleges that she last saw Nimrat at their residence in the evening when she went to give her dinner. However, when she returned, Nimrat was now"
243,FIR202600243,CASE202600243,2026-05-27,65,75,3,2,6,17,1,21,2026-05-27 15:22:18,2026-05-27 18:03:18,2026-05-27 19:21:18,18.372259,77.914166,"On 27th May 2026 at approximately 15:22:18hrs, a serious assault took place at Dakshina Kannada Central Police Station, Dakshina Kannada district. The complainant, Gunbir Narayanan, reported that the accused, Arunima Murty, had physically assaulted the victim, Azaan Bala, resulting in griev"
244,FIR202600244,CASE202600244,2024-12-17,65,75,1,2,15,43,4,21,2024-12-17 08:49:54,2024-12-17 12:48:54,2024-12-17 12:57:54,18.387428,77.881958,"On 17th December 2024 at around 8:49 pm, a rioting incident occurred in front of Dakshina Kannada Central Police Station, Dakshina Kannada district. The complainant Hemang Narula reported that the accused Advik Raja and Pallavi Mannan instigated a group of people to create a disturbance and raise communal slogans, leading to"
245,FIR202600245,CASE202600245,2025-12-21,158,126,3,2,15,43,1,38,2025-12-21 04:55:28,2025-12-21 10:31:28,2025-12-21 11:53:28,15.902004,77.626332,"On 21st December 2025 at around 4:55 am, a rioting incident occurred at Nazarbad Police Station in Mysuru district. The complainant, Samuel Chadha, reported that Nathan Purohit was assaulted by Naksh Gara, resulting in injuries. The accused is currently being detained at the police station, and further investigation is underway to determine the circumstances leading to"
246,FIR202600246,CASE202600246,2025-01-11,257,50,4,2,11,33,5,15,2025-01-11 04:07:21,2025-01-11 13:03:21,2025-01-11 13:25:21,16.398152,75.572381,"On 11th January, 2025 at about 04:07:21 hours, a complaint was lodged by Zashil Dube at Bidar East Police Station, District Bidar, regarding an economic offence committed by Anusha Patla. The accused is alleged to have forged documents belonging to Mitali Lanka with the intention of misappropriating funds."
247,FIR202600247,CASE202600247,2025-05-04,176,3,1,2,6,16,4,1,2025-05-04 08:37:06,2025-05-04 19:53:06,2025-05-04 21:29:06,15.910052,74.125778,"On 4th May 2025 at approximately 8:37 am, a simple assault case was reported at Bagalkote West Police Station in Bagalkote district. The complainant, Osha Sibal, alleged that the accused, Aarna Dubey, had physically harmed him by slapping him on his left cheek. The incident occurred near the local market area and was witnessed by several people"
248,FIR202600248,CASE202600248,2025-11-19,383,152,3,1,10,30,2,45,2025-11-19 03:25:28,2025-11-19 07:04:28,2025-11-19 08:58:28,12.591154,74.063219,"On 19th November 2025 at approximately 3:25 am, Tumakuru Town Police Station received a complaint from Mahika Contractor, the victim's mother, regarding stalking and harassment by Chatura Ranganathan and Hredhaan Nagarajan towards Ayushman Vig, a 22-year-old female. The accused have been following and watching"
249,FIR202600249,CASE202600249,2025-02-24,301,149,3,1,2,5,1,44,2025-02-24 08:17:06,2025-02-24 11:25:06,2025-02-24 12:31:06,16.758868,77.48324,"On 24th February 2025 at approximately 8:17 am, Shivamogga North Police Station received a complaint from Akshay Sinha regarding a bank robbery that occurred at Kashvi Comar's residence in Shivamogga. The accused, Samaksh Bumb and Tejas Pant, entered the residence by force, threatened the victim, and stole c"
250,FIR202600250,CASE202600250,2025-03-08,69,116,4,2,4,11,3,34,2025-03-08 00:03:50,2025-03-08 06:22:50,2025-03-08 07:41:50,14.458985,76.716727,"On March 8, 2025, at approximately 00:03:50 hours, a fraudulent insurance claim was filed by Lekha Verma against Ansh Sunder at Koppal Town Police Station, Koppal District. The complainant, Vidhi Deep, reported that Lekha Verma had intentionally damaged her vehicle and then filed an insurance claim"
251,FIR202600251,CASE202600251,2026-01-16,336,121,2,2,1,3,1,35,2026-01-15 21:45:34,2026-01-16 06:04:34,2026-01-16 06:29:34,15.046516,74.422275,"On 15th January 2026 at around 9:45 pm, Yuvraj Chana of Xalak Walla reported to Mandya East Police Station that his mobile phone was stolen from his residence by Qabil Babu and Urmi Raj. The complainant, Amruta Bhattacharya, witnessed the incident and provided a detailed description of the accused. Further investigation is underway"
252,FIR202600252,CASE202600252,2024-09-13,227,98,3,2,12,34,3,28,2024-09-13 11:15:37,2024-09-13 17:54:37,2024-09-13 18:27:37,17.441626,77.585965,"On September 13, 2024, at approximately 11:15 a.m., Samuel Khare filed a complaint with Haveri East Police Station regarding an incident of arson that occurred earlier in the day. According to Khare, Mohammed Patil's property was intentionally set on fire by Jasmit Sha, resulting in significant damage to the structure and its contents. An investigation into"
253,FIR202600253,CASE202600253,2025-06-18,98,131,4,2,12,36,3,40,2025-06-18 09:19:58,2025-06-18 17:03:58,2025-06-18 18:18:58,15.921202,77.681136,"On 18th June 2025 at around 9:19 am, Metagalli Police Station received a complaint from Vincent Nanda regarding illegal encroachment of his property by Kavya Agrawal and Upadhriti Dave. The complainant alleged that the accused had constructed a building on his land without proper authorization, thereby causing damage to his property. The incident is believed to have"
254,FIR202600254,CASE202600254,2026-07-12,252,142,2,1,13,37,5,42,2026-07-12 13:40:28,2026-07-12 16:13:28,2026-07-12 17:15:28,17.512869,73.997272,"On 12th July 2026 at approximately 1340 hours, a complaint was filed by Falguni Sethi regarding an organized crime incident that occurred in Ramanagara Town. The victim, Harini Narang, reported that she was attacked and injured by a group of individuals led by Ojasvi Jani. Further investigation revealed that the accused and his accomplices are involved in gang activity"
255,FIR202600255,CASE202600255,2026-07-11,389,136,1,2,1,3,5,38,2026-07-10 20:54:04,2026-07-11 01:30:04,2026-07-11 02:43:04,15.908116,77.627451,"On 10th July 2026 at approximately 8:54 PM, a theft incident occurred at Hamsini Bawa's residence in Udayagiri Police Station jurisdiction, Mysuru district. The complainant, Bhavani Pingle, reported that her mobile phone was stolen by Krisha Radhakrishnan and Yug Pathak. Further investigation is underway to"
256,FIR202600256,CASE202600256,2024-09-14,349,96,4,1,2,6,2,26,2024-09-13 23:40:08,2024-09-14 12:17:08,2024-09-14 13:24:08,18.459161,76.928914,"On September 13th, 2024 at approximately 11:40 PM, a chain snatching incident occurred in Hassan South Police Station's jurisdiction. The victim, Mitali Talwar and Brijesh Anne, had their chains stolen by the accused Gaurav Balay and Janaki Patla. Ekaraj Guha, the complainant, reported the incident to the"
257,FIR202600257,CASE202600257,2024-12-24,106,80,1,1,8,22,5,22,2024-12-23 18:38:30,2024-12-24 02:07:30,2024-12-24 03:24:30,15.914071,75.712965,"On 23rd December 2024 at around 18:38:30 hours, a complaint was lodged by Hemangini Sha at Davanagere West Police Station, District Davanagere, regarding a drug offence. The accused, Tejas Vala and Sanaya Sanghvi, were found in possession of banned drugs, leading to the filing of an FIR"
258,FIR202600258,CASE202600258,2025-01-30,301,149,3,2,12,34,4,43,2025-01-30 06:35:52,2025-01-30 12:27:52,2025-01-30 12:32:52,16.737417,77.485547,"On 30th January 2025 at approximately 6:35 AM, Shivamogga North Police Station received a complaint from Qarin Chowdhury regarding an incident of property damage and arson committed by Rachita Korpal against Urvi Bera. The accused had deliberately set fire to the victim's residence, causing significant damage to property and endangering the lives of the occupants."
259,FIR202600259,CASE202600259,2026-05-26,413,48,3,2,12,34,5,12,2026-05-26 14:21:10,2026-05-26 16:20:10,2026-05-26 18:19:10,15.673604,77.738122,"On 26th May 2026 at approximately 2:21 pm, Bellandur Police Station received a complaint from Wahab Setty regarding an incident of arson that occurred at Champak Narasimhan's residence in Bengaluru Urban. The accused, Jagvi Vyas, Omisha Rajagopal and Mahika Nadig, are alleged to have intentionally set fire"
260,FIR202600260,CASE202600260,2026-04-19,327,157,3,1,7,19,2,45,2026-04-18 20:21:36,2026-04-19 08:07:36,2026-04-19 09:34:36,12.578607,74.02431,"On 18th April 2026 at around 8:41 pm, Tumakuru Central Police Station received a complaint from Gagan Lal regarding the kidnapping of his two daughters, Varsha Nair and Sara Rau. The complainant alleges that Lopa Garde and Chakradhar Lalla, both residents of Tumakuru district, abducted the min"
261,FIR202600261,CASE202600261,2026-04-17,438,172,4,2,14,41,4,50,2026-04-17 16:47:55,2026-04-17 19:30:55,2026-04-17 20:59:55,18.163123,78.268683,"On 17th April 2026 at approximately 4:47 pm, Avni Lalla filed a complaint with Vijayanagara North Police Station regarding a hit and run incident that occurred on the Ring Road, Vijayanagara. The complainant stated that Udyati Chana and Urmi Buch were struck by a speeding vehicle driven by Zarna Varkey and Dal"
262,FIR202600262,CASE202600262,2025-04-15,123,118,1,2,3,9,4,34,2025-04-15 10:33:53,2025-04-15 19:41:53,2025-04-15 21:19:53,14.515509,76.713448,"On 15th April 2025 at approximately 10:33 am, a complaint was filed by Udarsh Raja at Koppal West Police Station, Koppal district, regarding an identity theft incident. The victim, Triveni Chandra, alleges that her personal information has been stolen and misused by an individual named Hitesh Dora. An investigation is underway"
263,FIR202600263,CASE202600263,2024-11-14,312,146,3,1,8,24,5,44,2024-11-13 20:33:44,2024-11-14 04:07:44,2024-11-14 05:00:44,16.76394,77.50581,"On 13th November 2024 at around 8:33 PM, a complaint was filed by Hemangini Munshi at Shivamogga Town Police Station regarding a drug offense committed by Yochana Sant. The accused was found manufacturing drugs in a residential area of Shivamogga. The victim, Vasana Sengupta, reportedly witnessed the crime and"
264,FIR202600264,CASE202600264,2026-03-16,218,82,3,2,4,12,1,23,2026-03-15 21:35:50,2026-03-15 23:26:50,2026-03-16 00:55:50,13.348378,78.330123,"On 15th March 2026 at around 9:35 pm, a complaint was filed by Ikbal Dara at Dharwad Town Police Station, Dharwad district, regarding an investment scam committed by Januja Loyal. The victim, Samaksh Sur, had invested a significant amount of money with Loyal, who promised unrealistic returns. However, the investment"
265,FIR202600265,CASE202600265,2025-12-12,456,150,1,2,4,10,1,44,2025-12-12 02:09:15,2025-12-12 04:47:15,2025-12-12 04:56:15,16.791588,77.534036,"On December 12th, 2025 at approximately 2:09 a.m., Shivamogga South Police Station received a complaint from Bina Malhotra regarding cheque fraud committed by Osha Shah and Vrishti Choudhary against Ikshita Chadha. The complainant alleges that the accused drew a cheque on her account without her consent or authorization"
266,FIR202600266,CASE202600266,2025-10-07,81,47,1,2,4,12,1,13,2025-10-06 21:43:04,2025-10-07 05:11:04,2025-10-07 05:45:04,15.62994,77.708696,"On 6th October 2025 at approximately 9:43 PM, a complaint was filed by Upasna Kamdar regarding an investment scam committed by Qabil Shanker and Pranit Jhaveri. The complainant, Rohan Behl, had invested a significant amount of money with the accused, who promised unrealistic returns. However, the accused failed to deliver"
267,FIR202600267,CASE202600267,2026-07-04,488,162,1,2,3,9,3,48,2026-07-04 11:38:23,2026-07-04 16:30:23,2026-07-04 18:08:23,15.01163,74.495672,"On 04th July 2026 at approximately 11:38 AM, a cybercrime was reported at Udupi West Police Station in Udupi District. The complainant Rohan Aggarwal reported that his friend Aditya Sami's identity had been stolen by Divya Sant and Anusha Kalla. The accused allegedly used Mr. Sami's"
268,FIR202600268,CASE202600268,2025-11-06,239,18,3,2,4,11,2,7,2025-11-06 09:07:27,2025-11-06 20:40:27,2025-11-06 21:13:27,11.685516,74.393597,"On 6th November 2025 at approximately 9:07 am, Vadgaon Police Station in Belagavi district received a complaint from Baghyawati Chana regarding an insurance fraud committed by Krishna Dhar. The victim, Omkaar Sidhu, had purchased a life insurance policy worth INR 50 lakhs with Dhar as the proposer and beneficiary"
269,FIR202600269,CASE202600269,2024-07-29,303,115,2,2,11,33,4,33,2024-07-28 20:09:11,2024-07-29 05:40:11,2024-07-29 05:51:11,12.541289,77.461597,"On 28th July 2024 at approximately 8:09 pm, a complaint was filed by Ekiya Banik at Kolar North Police Station regarding an economic offense committed by Urmi Naidu and Chanakya Devi. The victim, Triya Tak, alleges that the accused forged her signature on a cheque worth Rs 50,000, which"
270,FIR202600270,CASE202600270,2026-03-04,212,51,3,2,12,35,4,15,2026-03-03 21:51:07,2026-03-04 01:10:07,2026-03-04 02:03:07,16.440706,75.563189,"On 3rd March 2026 at around 9:51 pm, Yutika Shanker, the complainant, reported to Bidar West Police Station that Yagnesh Kuruvilla, the victim, had their property damaged by Keya Vala, the accused. The accused vandalized the victim's property by throwing stones and breaking windows, causing damage worth INR 500"
271,FIR202600271,CASE202600271,2025-02-24,22,91,2,1,5,15,2,25,2025-02-23 21:35:36,2025-02-24 06:33:36,2025-02-24 06:45:36,12.67469,77.354247,"On February 23rd, at approximately 9:35 PM, a murder occurred in the Gadag North Police Station's jurisdiction. The victim was Fiyaz Dalal and Luke Tiwari, who were killed by Wridesh Narula and Ganga Dara, both of whom are accused of committing the crime. According to Bhavika Cherian, the complainant, the murder was an honor"
272,FIR202600272,CASE202600272,2025-11-13,88,36,2,1,7,19,3,13,2025-11-13 03:52:44,2025-11-13 08:13:44,2025-11-13 09:40:44,15.632294,77.767408,"On 13th November 2025 at approximately 03:52:44 hours, a kidnapping incident occurred in HAL Police Station jurisdiction, Bengaluru Urban district. Ekavir Sagar, the complainant, reported that his two children, Aashi Varughese and Naksh Padmanabhan, were kidnapped by David Sankaran and Reyansh Chhabra."
273,FIR202600273,CASE202600273,2026-05-30,446,128,1,2,9,27,2,37,2026-05-30 16:24:23,2026-05-30 17:41:23,2026-05-30 18:34:23,15.882769,77.615348,"On 30th May 2026 at around 4:24 pm, Chaitanya Mander, the complainant, reported to Alanahalli Police Station that his friend Lucky Kala has gone missing since the previous night. The last time he saw Lucky was when they were together at a party in Mysuru. Lucky is known to have a history of running away without informing anyone, but"
274,FIR202600274,CASE202600274,2024-10-28,450,103,1,2,4,12,5,29,2024-10-27 22:58:37,2024-10-28 03:28:37,2024-10-28 03:59:37,14.314934,74.296219,"On 27th October 2024 at around 10:38 PM, Shaurya Agarwal, a resident of Kalaburagi West Police Station in Kalaburagi district, filed a complaint alleging that Aradhana Balan and Anirudh Bora had committed fraud by indulging in an investment scam. The complainant claimed that the accused had"
275,FIR202600275,CASE202600275,2024-10-14,284,7,2,2,15,43,1,4,2024-10-14 08:49:00,2024-10-14 21:37:00,2024-10-14 22:43:00,16.666374,77.092343,"On 14th October 2024 at approximately 8:49 am, a riotous disturbance occurred in Ballari East Police Station's jurisdiction. Gauri Bassi, the complainant, alleges that Rudra Lalla and Dhriti Rege were assaulted by Zarna Handa, Pranav Devi, and Mohini Krishnamurthy. The accused are accused"
276,FIR202600276,CASE202600276,2024-10-08,231,179,4,2,15,43,5,52,2024-10-08 07:41:40,2024-10-08 14:30:40,2024-10-08 15:11:40,17.640166,78.343169,"On 8th October 2024 at approximately 7:41 am, a riot broke out in Yadgir East Police Station's jurisdiction, resulting in public disorder and violence. The incident occurred when a group of individuals, including Eiravati Madan and Adya Subramaniam, clashed with Michael Mander and Ekapad Thaman, leading to physical altercations and property"
277,FIR202600277,CASE202600277,2025-08-26,490,147,3,1,5,14,5,43,2025-08-25 18:57:26,2025-08-26 03:26:26,2025-08-26 03:43:26,16.741917,77.529934,"On 25th August 2025 at around 18:57:26 hours, a murder case was reported at Shivamogga East Police Station in Shivamogga district. The complainant, Avni Sarin, had filed a complaint stating that Amaira More and Vamakshi Chad were killed by contract killers Charita Anne and Wriddhish"
278,FIR202600278,CASE202600278,2025-02-04,441,1,2,2,6,17,4,1,2025-02-04 10:11:39,2025-02-04 11:47:39,2025-02-04 13:42:39,16.026526,74.125988,"On 04th February 2025 at approximately 10:11:39 am, a serious assault took place at Bagalkote Town Police Station's jurisdiction. The complainant, Christopher Shroff, reported that the accused, Avni Pal, had physically harmed the victim, Mekhala Dhawan, causing her severe injuries. Further investigation is underway to determine"
279,FIR202600279,CASE202600279,2025-10-02,209,57,4,1,5,13,2,16,2025-10-01 23:18:24,2025-10-02 05:32:24,2025-10-02 06:25:24,12.247857,75.719973,"On 1st October 2025 at around 11:18 PM, a murder incident occurred at Kai Prashad's residence in Chamarajanagar North Police Station jurisdiction, Chamarajanagar district. The complainant Abhimanyu Sangha reported that Yahvi Bandi intentionally killed Kai Prashad with a sharp weapon. Further investigation is underway to ascertain"
280,FIR202600280,CASE202600280,2025-12-22,362,109,3,1,5,14,4,32,2025-12-22 05:29:06,2025-12-22 13:39:06,2025-12-22 15:17:06,12.994517,76.308231,"On December 22nd, 2025 at around 5:29 am, a murder case was reported at Kodagu East Police Station in Kodagu district. The complainant, Wakeeta Chaudhari, reported that her husband Akshay Reddy and her friend Udyati Seth were killed by contract killers Zinal Ben, Simon Venkataraman, and Diya Moh"
281,FIR202600281,CASE202600281,2024-12-17,411,111,4,2,3,9,1,32,2024-12-16 21:23:12,2024-12-17 06:25:12,2024-12-17 08:17:12,13.002194,76.275771,"On 16th December, 2024 at approximately 9:45 PM, Kodagu North Police Station received a complaint from Banjeet Nayak regarding identity theft committed by Nitara Barman against Netra Chakraborty. The accused had gained unauthorized access to the victim's personal information and used it to create fake documents, including a driver's license and pass"
282,FIR202600282,CASE202600282,2025-10-23,382,64,1,1,7,19,2,18,2025-10-23 03:49:05,2025-10-23 06:34:05,2025-10-23 06:58:05,12.064515,75.308853,"On 23rd October 2025 at around 03:49:05 hours, Dakshesh Sridhar, the complainant, lodged a complaint at Chikkamagaluru West Police Station, Chikkamagaluru district, regarding the kidnapping of his 8-year-old daughter Adweta Deol by Nicholas Prabhu and Mohini Doctor. The"
283,FIR202600283,CASE202600283,2025-01-29,414,108,1,1,10,30,5,32,2025-01-29 09:33:45,2025-01-29 18:15:45,2025-01-29 19:22:45,12.985221,76.280121,"On January 29th, at approximately 9:33 am, Vrinda Wali, the complainant, reported to Kodagu Town Police Station that Darsh Wable, Samarth Pathak, and Tara Sama had been stalking her and her friend Praneel Ram and Yatin Patil for several days. The accused have been seen lurking around their residence and workplace, causing them"
284,FIR202600284,CASE202600284,2025-07-10,146,129,1,2,1,3,3,40,2025-07-10 04:20:16,2025-07-10 13:38:16,2025-07-10 13:45:16,15.878686,77.684988,"On 10th July 2025 at around 4:20 am, Faqid Jayaraman, a resident of Lashkar Police Station in Mysuru district, reported a theft incident to the police station. The complainant stated that his friend's mobile phone was stolen from their residence by two individuals, Peter Sen and Gaurang Trivedi. The victim, Bhavini Datta"
285,FIR202600285,CASE202600285,2026-05-06,92,113,2,1,2,4,5,33,2026-05-06 11:31:25,2026-05-06 14:46:25,2026-05-06 15:15:25,12.516319,77.474673,"On 6th May 2026 at approximately 11:31:25 AM, Tripti Oza, a resident of Kolar East Police Station, reported a robbery incident that occurred on the highway. The victim, Kritika Hegde, was traveling in her car when she was stopped by an accused, Yochana Mall, who threatened her at gunpoint and stole her valuables"
286,FIR202600286,CASE202600286,2026-03-25,348,125,3,1,13,38,1,39,2026-03-24 19:17:56,2026-03-25 01:42:56,2026-03-25 02:45:56,15.902622,77.68815,"On 24th March 2026 at around 7:17 pm, a complaint was filed by Meghana Shah at Vijayanagar Police Station in Mysuru district regarding an organized crime of extortion committed by Liam Dhaliwal and Manbir Choudhary against Bina Sarna and Atharv Menon. The complainant alleges that the accused had demanded a"
287,FIR202600287,CASE202600287,2024-09-27,98,126,3,2,11,31,1,38,2024-09-27 16:51:37,2024-09-27 19:16:37,2024-09-27 20:09:37,15.879459,77.609596,"On September 27, 2024 at approximately 1651 hours, a complaint was filed by Nitara Padmanabhan regarding money laundering committed by Manya Setty against Inaya Chokshi at Nazarbad Police Station in Mysuru district. According to the complainant, Manya Setty had obtained large sums of money through illegal means and was attempting to launder it"
288,FIR202600288,CASE202600288,2025-05-24,225,140,1,2,12,34,1,41,2025-05-24 09:08:55,2025-05-24 18:02:55,2025-05-24 19:02:55,14.191955,78.624336,"On 24th May 2025 at approximately 9:08 AM, a complaint was filed by Ethan Sathe regarding an incident of arson that occurred at the residence of Yashvi Parmar and Indira Iyer in Raichur North Police Station's jurisdiction. The accused, Faqid Sundaram, Ranveer Keer, and Ubika Sekhon were identified as"
289,FIR202600289,CASE202600289,2025-02-07,304,145,1,2,15,45,1,42,2025-02-07 13:06:04,2025-02-07 17:19:04,2025-02-07 19:19:04,17.53176,73.987316,"On February 7th, 2025 at approximately 13:06hrs, a complaint was filed by Ethan Sane regarding an illegal gathering at Ramanagara North Police Station in Ramanagara district. The complainant alleged that Fiyaz Wason had gathered a large crowd without proper permission from the authorities, causing a disturbance to the public order. Further investigation revealed that"
290,FIR202600290,CASE202600290,2024-07-26,254,80,1,2,11,32,5,22,2024-07-25 18:11:24,2024-07-26 04:53:24,2024-07-26 05:02:24,15.936269,75.691468,"On 25th July 2024 at approximately 18:11:24, a complaint was filed by Caleb Dhawan regarding tax fraud committed by Ekta Mannan against her employer Gaurangi Wason. The incident occurred in Davanagere West Police Station, Davanagere district. Ekta Mannan is accused of falsifying company records to em"
291,FIR202600291,CASE202600291,2026-01-29,57,14,2,1,10,28,4,5,2026-01-29 18:42:11,2026-01-29 21:01:11,2026-01-29 21:26:11,11.692769,74.488692,"On 29th January 2026 at approximately 18:42:11 hours, a complaint was filed at Tilakwadi Police Station, Belagavi, Karnataka, India, by Maanav Swaminathan, regarding dowry harassment against Daksha Bail and Rachit Nadkarni, who are the victims, by Megha Mitra and Charvi"
292,FIR202600292,CASE202600292,2025-10-25,41,104,4,2,11,33,3,29,2025-10-25 05:32:18,2025-10-25 13:20:18,2025-10-25 14:59:18,14.309193,74.335625,"On 25th October 2025 at approximately 05:32 am, a complaint was filed by Jason Balakrishnan at Kalaburagi North Police Station, Kalaburagi district, regarding an economic offense of forgery committed by Indrajit Ray. The victim, Bhavini Ganesh, alleges that Indrajit Ray forged her signature on a cheque worth R"
293,FIR202600293,CASE202600293,2025-01-28,300,81,1,2,9,27,3,22,2025-01-27 22:29:03,2025-01-27 23:35:03,2025-01-28 00:35:03,16.002208,75.682873,"On January 27th, at approximately 10:43 PM, a missing person report was filed at the Davanagere North Police Station in Davanagere district. The complainant, Elijah Nagarajan, reported that his daughter, Varsha Keer, has been missing since January 26th evening. The accused, Qasim Sood, is suspected to have abduct"
294,FIR202600294,CASE202600294,2026-01-08,443,36,4,1,13,38,1,9,2026-01-08 05:53:19,2026-01-08 17:10:19,2026-01-08 18:55:19,15.606396,77.737929,"On January 8th, 2026 at approximately 5:53 AM, Ojasvi Mutti filed a complaint at HAL Police Station in Bengaluru Urban district regarding an organized crime of extortion committed by Ayushman Tak and Vedhika Subramanian against Viraj Vala. According to the complainant, the accused had been demanding money from the victim under threat"
295,FIR202600295,CASE202600295,2025-08-25,293,55,4,1,7,19,5,16,2025-08-24 16:16:21,2025-08-25 03:40:21,2025-08-25 03:55:21,12.205271,75.729007,"On 24th August 2025 at approximately 16:16:21 hours, a kidnapping incident occurred at Chamarajanagar East Police Station in Chamarajanagar district. The complainant Faras Thakur reported that his minor son Benjamin Menon was forcibly taken away by Frederick Vohra and Jeremiah Sodhi. Both accused are known to the"
296,FIR202600296,CASE202600296,2025-05-27,70,25,1,1,2,5,2,8,2025-05-27 08:14:11,2025-05-27 15:59:11,2025-05-27 17:44:11,15.380642,77.291134,"On 27th May 2025 at approximately 8:14 am, three individuals- Oni Chandra, Isha Brahmbhatt, and Jagrati Ganguly- entered the Bank of Baroda located in the rural area of Bengaluru with the intent to commit robbery. They threatened the bank employees and customers with weapons, causing fear and panic among them. The accused stole a"
297,FIR202600297,CASE202600297,2024-07-30,70,25,3,1,2,4,1,8,2024-07-30 04:05:00,2024-07-30 09:33:00,2024-07-30 10:24:00,15.377519,77.272995,"On 30th July 2024 at approximately 04:05 am, a robbery occurred on the highway near Bengaluru Rural Police Station, where Isaiah Saini (victim) was attacked and robbed of his valuables by Yash Krishna (accused). The accused had allegedly stopped the victim's vehicle and threatened him at gunpoint before stealing cash"
298,FIR202600298,CASE202600298,2024-09-15,312,146,4,1,8,24,5,44,2024-09-15 09:57:37,2024-09-15 19:23:37,2024-09-15 19:41:37,16.754466,77.518293,"On September 15, 2024, at approximately 9:57 a.m., Liam Pall filed a complaint with the Shivamogga Town Police Station in Shivamogga district regarding an alleged drug offense involving Rohan Bhatt and Zansi Hayer. According to the complainant, Hayer was discovered to be manufacturing drugs at his residence in"
299,FIR202600299,CASE202600299,2026-04-20,160,61,3,2,14,41,1,17,2026-04-20 11:07:53,2026-04-20 16:33:53,2026-04-20 17:27:53,13.393324,74.232191,"On 20th April 2026 at around 11:07:53 AM, a traffic crime occurred in Chikkaballapur North Police Station jurisdiction. Urvi Chhabra, the complainant, reported that Vrishti Sha and Indali Badal were involved in a hit-and-run incident on National Highway 48, resulting in the injury of Reyansh"
300,FIR202600300,CASE202600300,2026-05-05,351,33,2,1,10,30,2,9,2026-05-05 11:10:43,2026-05-05 22:34:43,2026-05-05 23:00:43,15.615096,77.700171,"On May 5th, 2026 at approximately 11:10 AM, Anmol Butala filed a complaint at Electronic City Police Station in Bengaluru Urban district, alleging that Yashawini Rout and Girik Nadkarni have been stalking Krishna Vora and Veer Rajagopalan without their consent. The complainant claimed that the accused have been"
301,FIR202600301,CASE202600301,2025-08-20,330,158,2,1,2,4,4,45,2025-08-20 06:57:54,2025-08-20 12:23:54,2025-08-20 13:06:54,12.598004,73.970787,"On 20th August 2025 at approximately 6:57 am, a robbery occurred on Tumakuru Market Highway, where the victim Zayyan Nanda was attacked by three accused, Nakul Sachdev and two others who are yet to be identified. The accused snatched the victim's wallet containing cash and cards before fleeing the scene. The complainant Abeer"
302,FIR202600302,CASE202600302,2026-03-17,142,92,2,2,12,36,4,26,2026-03-16 12:17:46,2026-03-16 22:56:46,2026-03-16 23:26:46,18.417945,76.951852,"On 16th March 2026 at approximately 12:17 PM, Unnati Tata, the complainant, lodged a complaint at Hassan Town Police Station in the district of Hassan, Karnataka, India. The complaint pertains to an incident of illegal encroachment that occurred on March 15th, 2026, where Sanya D"
303,FIR202600303,CASE202600303,2025-09-16,251,147,4,2,6,18,4,43,2025-09-15 21:21:19,2025-09-16 03:49:19,2025-09-16 04:36:19,16.745148,77.562291,"On 15th September 2025 at around 9:41 pm, Shivamogga East Police Station received a complaint from Onveer Zachariah regarding an assault incident that occurred at his residence in the presence of his wife Nikita Sawhney and their minor son Chanakya Ganesh. The accused, Veer Randhawa, Gauri Padmanabhan, and Bimala Pal"
304,FIR202600304,CASE202600304,2024-11-07,102,176,2,1,5,14,5,51,2024-11-06 21:38:46,2024-11-07 09:50:46,2024-11-07 10:56:46,11.633137,78.295971,"On 6th November, 2024 at around 9:38 pm, Azaan Bala, the complainant, reported to Vijayapura North Police Station that Sai Mutti, a resident of Vijayapura, was brutally murdered by Benjamin Pal, who had hired him for a contract killing. The victim was found dead in his house with multiple stab wounds."
305,FIR202600305,CASE202600305,2024-10-23,481,77,3,1,5,15,4,21,2024-10-23 00:36:23,2024-10-23 11:26:23,2024-10-23 12:02:23,18.36838,77.986478,"On 23rd October 2024 at around 00:36:23, a murder case was reported at Dakshina Kannada Rural Police Station in Dakshina Kannada district. The complainant, Nimrat Chad, reported that her son, Jeremiah Chandran, was brutally murdered by his cousin, Dalbir Seshadri, due to an"
306,FIR202600306,CASE202600306,2025-03-02,210,54,4,2,6,16,5,16,2025-03-02 07:08:06,2025-03-02 11:45:06,2025-03-02 12:59:06,12.25631,75.745896,"On 2nd March 2025 at approximately 7:08 am, a simple assault took place at the Chamarajanagar Town Police Station in Chamarajanagar district. Nathan Purohit, the complainant, reported that Advaith Dash and Maya Nadkarni were assaulted by Urishilla Bava and Turvi Badal. The accused allegedly attacked the victims with a"
307,FIR202600307,CASE202600307,2026-05-02,63,45,4,2,12,34,4,13,2026-05-01 21:38:10,2026-05-02 03:31:10,2026-05-02 05:04:10,15.61909,77.756919,"On 1st May 2026 at around 9:38 pm, a complaint was filed by Mitali Lanka at KR Puram Police Station in Bengaluru Urban district regarding an incident of property damage and arson committed by Keya Viswanathan and Balveer Sant. The complainant alleged that the accused had deliberately set fire to the house of Bhavini Swamy and"
308,FIR202600308,CASE202600308,2026-02-17,387,134,4,2,11,32,2,37,2026-02-16 19:02:40,2026-02-17 06:21:40,2026-02-17 06:56:40,15.894833,77.624401,"On 16th February 2026 at around 7:02 pm, a complaint was filed by Upma Zacharia at Krishnaraja Police Station in Mysuru district regarding tax fraud committed by Ryan Golla and Janya Bhatt. The complainant alleges that the accused have been misusing their positions of authority to defraud the government of tax revenue. Further investigation is underway"
309,FIR202600309,CASE202600309,2026-04-04,111,104,4,1,2,5,5,29,2026-04-04 07:44:08,2026-04-04 16:21:08,2026-04-04 17:17:08,14.29216,74.34949,"On 04/04/2026 at approximately 07:44:08hrs, a robbery occurred at the Kalaburagi North Police Station in the Kalaburagi district. The complainant, Ayushman Vig, reported that Ekanta Singh and Sanya Gaba were victims of the crime, while Robert Kumer, Upasna Sagar, and Sai"
310,FIR202600310,CASE202600310,2026-05-02,97,15,4,2,9,25,3,5,2026-05-01 20:39:10,2026-05-02 09:36:10,2026-05-02 11:24:10,11.720442,74.45703,"On 1st May 2026 at around 8:39 PM, Anvi Sunder, the mother of Ethan Kumar and Tripti Chakraborty, filed a missing person's complaint at Market Police Station in Belagavi district. The complainant stated that her two children, Ethan (age 7) and Tripti (age 9), went to play outside"
311,FIR202600311,CASE202600311,2024-12-21,69,116,1,1,13,37,3,34,2024-12-21 13:25:20,2024-12-21 17:06:20,2024-12-21 18:29:20,14.492092,76.716208,"On 21st December 2024 at approximately 13:25:20 hours, a complaint was filed by Yadavi Chana at Koppal Town Police Station, Koppal District, regarding an organized crime committed by Manbir Saxena and Vyanjana Sarraf. The victim, Harinakshi Goda, was allegedly attacked and injured by the accused duo as"
312,FIR202600312,CASE202600312,2025-01-19,267,169,4,1,13,38,4,50,2025-01-18 23:37:41,2025-01-19 01:37:41,2025-01-19 01:54:41,18.190594,78.223887,"On January 18th, 2025 at approximately 11:37 PM, a complaint was filed by Yatan Walla regarding an organized crime incident involving extortion. The complainant alleges that Waida Garde and Falguni Mall, the accused, have been threatening and intimidating him and his associates, Hitesh Vig, for financial gains. Further"
313,FIR202600313,CASE202600313,2024-10-05,411,111,2,1,8,23,4,32,2024-10-05 06:20:15,2024-10-05 15:09:15,2024-10-05 16:40:15,12.986909,76.244723,"On 5th October 2024 at approximately 6:20 pm, Kodagu North Police Station received a complaint from Nilima Patil regarding drug trafficking by Chaaya Bhalla and Azaan Johal. The complainant alleges that the accused were in possession of drugs and were attempting to sell them illegally. Further investigation revealed that the accused had been transporting the dru"
314,FIR202600314,CASE202600314,2026-02-05,177,46,1,1,8,22,3,14,2026-02-05 06:16:31,2026-02-05 14:14:31,2026-02-05 14:29:31,15.650483,77.715874,"On February 5th, 2026 at approximately 6:16 PM, Mahika Buch filed a complaint at Varthur Police Station in Bengaluru Urban district regarding an incident of drug possession involving Adweta Parsa and Widisha Mital. According to the complainant, she was present when Mital possessed and smoked marijuana at a private residence. The complainant witnessed"
315,FIR202600315,CASE202600315,2026-04-21,140,98,3,1,5,14,4,28,2026-04-21 04:54:45,2026-04-21 09:27:45,2026-04-21 10:33:45,17.412754,77.583564,"On 21st April 2026 at around 4:54 am, Tristan Deshpande, the complainant, reported to Haveri East Police Station that Devansh Tank, a resident of Haveri, was brutally murdered by Mason Lalla, who is known to have a criminal record. The victim was found dead in his residence with multiple stab wounds. The accused has"
316,FIR202600316,CASE202600316,2025-05-12,343,85,4,2,6,16,3,23,2025-05-11 23:45:44,2025-05-12 01:36:44,2025-05-12 03:11:44,13.320208,78.32682,"On 11th May 2025 at approximately 11:45 PM, a simple assault took place at Dharwad North Police Station in Dharwad district. The complainant, Gabriel Narang, reported that Meera Kannan was assaulted by Bachittar Sankaran."
317,FIR202600317,CASE202600317,2025-10-13,314,36,1,2,11,31,2,12,2025-10-13 09:03:38,2025-10-13 18:14:38,2025-10-13 19:29:38,15.596819,77.742162,"On 13th October 2025 at approximately 9:03 AM, Hamsini Bawa, the complainant, lodged a complaint at HAL Police Station in Bengaluru Urban district regarding a money laundering incident involving Jagrati Dubey, Niharika Nath, and Hemang Kunda. The accused are alleged to have fraudulently transferred funds from the bank"
318,FIR202600318,CASE202600318,2024-11-11,232,171,4,2,4,11,2,50,2024-11-11 13:20:30,2024-11-11 17:00:30,2024-11-11 18:29:30,18.133488,78.239441,"On 11th November 2024 at approximately 13:20:30 hours, a complaint was filed by Mitali Talwar, the victim's wife, at Vijayanagara West Police Station, Vijayanagara district, regarding an insurance fraud committed by Ekani Borah. The accused had allegedly forged Hritik Talwar's signature"
319,FIR202600319,CASE202600319,2026-05-24,248,22,2,1,8,24,4,6,2026-05-24 03:56:09,2026-05-24 10:56:09,2026-05-24 12:31:09,11.699875,74.461998,"On 24th May 2026 at around 3:56 am, a complaint was filed by Brijesh Anne at Angol Police Station in Belagavi district regarding a drug offense. The accused, Ekaraj Bir, is alleged to have manufactured drugs in a residential area, violating the Narcotic Drugs and Psychotropic Substances Act of 19"
320,FIR202600320,CASE202600320,2026-04-07,495,66,1,1,10,28,5,19,2026-04-07 03:13:35,2026-04-07 06:36:35,2026-04-07 07:22:35,15.572592,77.266565,"On 7th April 2026 at around 3:13 am, Lajita Thaman, the complainant, lodged a complaint at Chitradurga Town Police Station, Chitradurga district, regarding dowry harassment against her sister-in-law, Mugdha Dhillon and her friend, Urishilla Dixit. The accused, Darpan"
321,FIR202600321,CASE202600321,2026-06-27,25,150,4,2,9,27,3,43,2026-06-26 12:57:57,2026-06-26 23:21:57,2026-06-27 00:44:57,16.790941,77.512714,"On 26th June 2026 at approximately 12:57 PM, Shivamogga South Police Station received a complaint from Ekavir Lad regarding the disappearance of his friend Dalbir Butala. The complainant stated that Dalbir had been acting strangely before his disappearance and had made some suspicious statements. The accused, Sai Memon, was identified as a possible suspect"
322,FIR202600322,CASE202600322,2026-02-27,129,142,4,1,10,28,3,42,2026-02-27 08:21:18,2026-02-27 18:58:18,2026-02-27 19:13:18,17.47868,73.999658,"On 27th February 2026 at approximately 8:21 am, Tanmayi Bahri, a resident of Ramanagara Town, reported to the Ramanagara Town Police Station that she was subjected to dowry harassment by her husband Girindra Divan, his mother Lopa Kaul and his sister Diya Chander. The complainant alleges that since their marriage"
323,FIR202600323,CASE202600323,2026-04-19,130,174,3,1,2,4,3,51,2026-04-19 05:54:20,2026-04-19 18:03:20,2026-04-19 19:13:20,11.633876,78.248423,"On 19th April 2026 at approximately 5:54 am, Daksh Divan lodged a complaint at Vijayapura East Police Station regarding a robbery incident that occurred on the highway. The victim, Yatan Munshi, reported that his vehicle was stopped by Kritika Goel and her accomplices who robbed him of cash and valuables worth lakhs of ru"
324,FIR202600324,CASE202600324,2024-08-10,438,172,4,1,7,19,4,50,2024-08-10 01:28:24,2024-08-10 13:02:24,2024-08-10 14:35:24,18.210986,78.22746,"On 10th August 2024 at approximately 01:28:24, a kidnapping incident occurred in Vijayanagara North Police Station jurisdiction. The complainant, Charvi Narasimhan, reported that her daughter Lakshmi Lad was abducted by Qabil Choudhary. Further investigation revealed that the accused had taken the victim to an unknown location against her"
325,FIR202600325,CASE202600325,2026-01-05,414,108,2,1,8,23,2,32,2026-01-04 21:11:56,2026-01-05 00:31:56,2026-01-05 02:23:56,13.021989,76.298953,"On 4th January, 2026 at around 9:11 pm, Varsha Nair, a resident of Kodagu Town, lodged a complaint at Kodagu Town Police Station regarding an incident of drug trafficking that occurred earlier the same day. The accused, Zaitra Gara, was reportedly involved in transporting and selling drugs in the area. Further investigation revealed that"
326,FIR202600326,CASE202600326,2025-03-20,47,10,1,1,8,22,2,2,2025-03-19 12:52:16,2025-03-19 20:27:16,2025-03-19 21:36:16,16.64138,77.139394,"On 19th March 2025 at approximately 12:52 PM, a complaint was filed by Rishi Rau at Ballari South Police Station, Ballari district, regarding a drug offense. The accused, Eesha Naidu, Kritika Kara, and Advika Dhar, were found in possession of illegal drugs, including marijuana and cocaine. The incident"
327,FIR202600327,CASE202600327,2026-05-25,3,28,4,2,12,35,4,12,2026-05-24 20:06:04,2026-05-24 23:11:04,2026-05-25 00:28:04,15.639529,77.676009,"On 24th May 2026 at approximately 8:06 pm, a complaint was filed by Siddharth Chana at Cubbon Park Police Station in Bengaluru Urban district regarding vandalism committed by Ishaan Shankar against Kiaan Bera. The accused is alleged to have damaged Kiaan's property by throwing stones and breaking windows, causing damage worth R"
328,FIR202600328,CASE202600328,2026-02-21,216,85,1,1,5,13,5,24,2026-02-21 04:44:40,2026-02-21 09:54:40,2026-02-21 11:38:40,13.352792,78.352588,"On February 21st, 2026 at approximately 4:44 am, Urmi Buch filed a complaint with Dharwad North Police Station regarding the intentional murder of her daughter Chandani Buch and niece Ikshita Amble by Zilmil Vohra, Vyanjana Sidhu, and Shivani Hari. According to the complainant, the three accused"
329,FIR202600329,CASE202600329,2026-04-07,288,13,4,2,9,27,1,6,2026-04-06 17:51:36,2026-04-07 03:58:36,2026-04-07 04:37:36,11.738262,74.408171,"On 6th April 2026 at approximately 17:51:36 pm, Utkarsh Sengupta, the complainant, reported to Camp Police Station in Belagavi district that his friends, Sachi Garde and Yagnesh Bhandari, have gone missing. The complainant stated that Isaiah Virk and Keya Talwar, both of whom are known to the victims"
330,FIR202600330,CASE202600330,2026-02-27,391,8,1,1,13,39,4,4,2026-02-27 07:58:03,2026-02-27 17:11:03,2026-02-27 18:10:03,16.657294,77.108703,"On February 27th, at approximately 07:58:03 AM, a complaint was filed at Ballari West Police Station by Tanmayi Sur regarding an organized crime incident involving smuggling. The victims, Tripti Dasgupta and Aahana Parmer, were allegedly kidnapped and transported to an unknown location by Ucchal Ramesh and Jonathan Parmer."
331,FIR202600331,CASE202600331,2025-01-31,58,48,2,1,5,13,4,11,2025-01-31 10:21:21,2025-01-31 15:43:21,2025-01-31 17:38:21,15.64078,77.769435,"On 31st January 2025 at approximately 10:21 am, a murder incident occurred at a residential complex in Bellandur, Bengaluru Urban District. The complainant Girish Chadha reported that Eesha Nair and Wakeeta Mann were found dead with multiple stab wounds inside their residence. Further investigation revealed that the accused Chaitanya Nath and Gauri Gang"
332,FIR202600332,CASE202600332,2026-02-11,255,143,2,2,4,12,5,42,2026-02-10 11:46:54,2026-02-11 00:08:54,2026-02-11 02:03:54,17.561267,74.029149,"On February 10th, at approximately 11:46 AM, Shivani Behl filed a complaint with Ramanagara East Police Station regarding an investment scam perpetrated by Onkar Walia, Januja Korpal, and Kalpit Patla. The victims of this fraud are Ijaya Dixit and Unni Srinivas, who collectively lost a significant amount of"
333,FIR202600333,CASE202600333,2024-10-09,169,109,2,1,13,37,2,32,2024-10-09 02:01:02,2024-10-09 03:37:02,2024-10-09 04:26:02,13.001226,76.297338,"On 9th October 2024 at around 2:01 am, a gang of three individuals- Oscar Sood, Yashoda Ray and Oni Chakraborty- was involved in an organized crime activity in Kodagu East Police Station's jurisdiction. The complainant, Aditya Sami, reported that the trio had attacked and injured two persons- Jagvi Mangal and Jag"
334,FIR202600334,CASE202600334,2026-04-13,44,149,3,2,12,35,3,44,2026-04-12 13:58:08,2026-04-13 00:15:08,2026-04-13 02:09:08,16.761847,77.523588,"On 12th April 2026 at approximately 13:58hrs, a complaint was filed by Triya Tak (Complainant) regarding vandalism committed by Aarnav Narain (Accused) on the property of Faraj Bassi (Victim). The accused had allegedly damaged the Victim's car by spraying paint on it without any provocation."
335,FIR202600335,CASE202600335,2026-04-03,286,102,1,2,3,8,1,31,2026-04-02 19:15:43,2026-04-03 01:10:43,2026-04-03 02:38:43,14.315506,74.288795,"On 02-04-2026 at approximately 19:15:43 hours, a complaint was lodged by Widisha Kuruvilla regarding a cybercrime incident where the victim, Ikshita Rao, received an email from an unknown sender with a malicious link. The accused, Zehaan Dixit, is suspected to have sent the phishing email"
336,FIR202600336,CASE202600336,2024-12-31,401,19,2,2,12,35,2,6,2024-12-30 11:05:48,2024-12-30 22:30:48,2024-12-30 23:37:48,11.74764,74.427154,"On December 30th at 11:05 am, APMC Police Station in Belagavi received a complaint from Geetika Dalal regarding vandalism committed by Utkarsh Ramachandran and Oeshi Vyas against Vedant Thakur and Kritika Kade's property. The complainant alleges that the accused intentionally damaged the victims' property by throwing stones"
337,FIR202600337,CASE202600337,2026-03-04,79,121,4,1,7,20,1,35,2026-03-03 12:54:12,2026-03-04 00:44:12,2026-03-04 02:41:12,15.029523,74.411877,"On 03rd March 2026 at approximately 12:54 pm, Luke Tiwari, a resident of Mandya East Police Station in Mandya district, reported a kidnapping incident involving his sister Lavanya Babu. The accused, Naveen Sule, is alleged to have abducted Lavanya from her residence without her consent and has yet to return her. Further investigation is underway"
338,FIR202600338,CASE202600338,2025-06-20,140,98,3,1,8,23,3,28,2025-06-19 20:13:20,2025-06-20 06:13:20,2025-06-20 08:09:20,17.42804,77.584781,"On 19th June 2025 at around 8:13 PM, Haveri East Police Station received a complaint from Abdul Varughese regarding drug trafficking by Ijaya Pandey and Aradhana Raj. The complainant alleged that the accused duo had sold drugs to Chakradhar Tandon, resulting in his addiction. Further investigation revealed that the"
339,FIR202600339,CASE202600339,2025-02-28,411,111,3,2,14,40,5,32,2025-02-28 02:05:37,2025-02-28 09:18:37,2025-02-28 10:17:37,12.975166,76.25505,"On February 28th, 2025 at approximately 2:05 am, a traffic crime occurred in Kodagu North Police Station's jurisdiction. The accused, Mohammed Jayaraman, Dalbir Dutt, and Caleb Tank, were driving under the influence of alcohol, causing an accident that injured Jason Sha and Aayush Cherian. Nirja Padmanabhan,"
340,FIR202600340,CASE202600340,2026-02-16,431,138,3,2,6,18,5,41,2026-02-16 05:36:44,2026-02-16 09:12:44,2026-02-16 11:06:44,14.224677,78.634243,"On 16th February 2026 at around 5:36 AM, Lucky Kala, the complainant, reported to Raichur East Police Station that her husband Advaith Basu was assaulted by Isaiah Gour, the accused, due to domestic violence. The incident occurred at their residence in Raichur. The complainant sustained injuries during the assault and is seeking legal action"
341,FIR202600341,CASE202600341,2025-01-03,488,160,1,2,1,1,4,48,2025-01-03 04:21:05,2025-01-03 05:28:05,2025-01-03 07:22:05,15.069902,74.457631,"On January 3rd, 2025 at approximately 4:21 am, Udupi Town Police Station received a complaint from Diya Sen regarding the theft of her vehicle, a white Toyota Corolla bearing registration number KA-01-MB-6789. The complainant stated that she had parked her vehicle outside her residence in the presence of Christopher Kapur, who is"
342,FIR202600342,CASE202600342,2024-08-09,245,89,4,2,4,12,2,25,2024-08-09 06:04:25,2024-08-09 17:23:25,2024-08-09 17:48:25,12.712986,77.329227,"On 9th August 2024 at around 6:04 am, Nihal Varty, a resident of Gadag East Police Station in Gadag district, lodged a complaint against Advaith Soni for committing fraud and investment scams. According to the complainant, Advaith had promised him exorbitant returns on his investments in a fake scheme. The"
343,FIR202600343,CASE202600343,2024-12-09,362,109,1,2,6,18,2,32,2024-12-09 08:23:14,2024-12-09 09:48:14,2024-12-09 11:13:14,13.02792,76.310326,"On 9th December 2024 at around 8:23 am, Yochana Rana, the complainant, reported an assault incident that occurred at Unni Mallick's residence in Kodagu East Police Station jurisdiction. The accused, Gagan Rama and Tristan Rama, are relatives of the victim and allegedly attacked him due to domestic violence issues."
344,FIR202600344,CASE202600344,2025-03-16,242,115,4,2,11,31,1,33,2025-03-16 17:01:40,2025-03-16 18:14:40,2025-03-16 19:20:40,12.492756,77.434887,"On March 16th, 2025 at approximately 17:01:40 hours, a complaint was filed by Amol Dugar regarding money laundering committed by Ekta Singhal, Laban Dugal and Chakradev Munshi against Zinal Yadav and Priya Patel. The incident occurred at Kolar North Police Station in the district of Kolar."
345,FIR202600345,CASE202600345,2026-04-07,310,72,4,2,1,1,3,21,2026-04-06 22:51:21,2026-04-07 01:46:21,2026-04-07 02:45:21,18.378682,77.908186,"On 6th April 2026 at around 10:51 pm, Amrita Dhar, the complainant, reported to Dakshina Kannada West Police Station that her vehicle, a white Toyota Corolla bearing registration number KA-01-MB-3456, was stolen from outside her residence in Mangalore. The accused, Pratyush Sastry and"
346,FIR202600346,CASE202600346,2026-06-20,498,171,1,2,12,34,1,50,2026-06-19 19:51:43,2026-06-20 02:14:43,2026-06-20 04:11:43,18.117981,78.241606,"On 19th June 2026 at around 7:51 PM, Vijayanagara West Police Station received a complaint from Om Purohit regarding property damage caused by arson committed by Atharv Khare. The complainant, Vrinda Sabharwal, had her residential house set on fire by the accused, resulting in significant damage to property and belongings. The police have"
347,FIR202600347,CASE202600347,2025-02-09,92,113,2,2,11,33,2,33,2025-02-09 07:22:30,2025-02-09 09:55:30,2025-02-09 11:12:30,12.521351,77.435607,"On February 9th, at approximately 7:22 am, Kolar East Police Station received a complaint from Gayathri Bakshi regarding economic offense and forgery committed by Harish Singhal, Brijesh Nagar, and Faras Sharma. The victims are Ishaan Sampath and Ranveer Gala. The accused have been identified as the same individuals who forged documents to obtain lo"
348,FIR202600348,CASE202600348,2025-10-28,344,142,3,2,12,34,2,42,2025-10-28 09:04:26,2025-10-28 16:43:26,2025-10-28 18:15:26,17.522241,73.997787,"On 28th October 2025 at approximately 09:04:26hrs, a complaint was filed by Mekhala Dhawan regarding an incident of arson committed by Diya Borra and Gaurika Bhattacharyya on the premises of Mohammed Guha and Yamini Hayer. The accused had deliberately set fire to the property causing significant damage. The"
349,FIR202600349,CASE202600349,2025-05-07,210,54,1,2,3,7,5,16,2025-05-07 03:55:35,2025-05-07 16:19:35,2025-05-07 17:08:35,12.234277,75.72128,"On May 7th, 2025 at approximately 3:55 am, Leela Prashad filed a complaint at Chamarajanagar Town Police Station in Chamarajanagar district regarding an online fraud committed by Wriddhish Prabhakar. The victim, Balveer Chander, reported that he had transferred money to the accused's bank account through a popular mobile"
350,FIR202600350,CASE202600350,2026-06-30,21,161,3,2,11,31,2,48,2026-06-30 02:26:56,2026-06-30 12:04:56,2026-06-30 13:25:56,15.063108,74.517026,"On 30th June 2026 at approximately 2:26 am, a complaint was filed by Akshay Reddy at Udupi East Police Station, Udupi district, regarding an economic offense of money laundering. The accused, Sanya Saini, Falan Madan, and Qushi Cherian, are alleged to have conspired and committed the offense against I"
351,FIR202600351,CASE202600351,2025-08-13,318,39,1,2,14,42,3,14,2025-08-13 12:51:53,2025-08-13 17:24:53,2025-08-13 18:46:53,15.588806,77.700769,"On 13th August 2025 at approximately 12:51 PM, Peenya Police Station in Bengaluru Urban received a complaint from Udyati Seth regarding illegal racing on the Outer Ring Road. The complainant alleged that Naksh Prakash and Rishi Shere were involved in a high-speed race with Panini Narula and Zarna Swaminathan, who are"
352,FIR202600352,CASE202600352,2026-05-31,258,32,1,1,13,37,4,14,2026-05-30 21:43:03,2026-05-31 04:50:03,2026-05-31 05:25:03,15.671565,77.677139,"Basavanagudi Police Station, Bengaluru Urban, May 30th, 21:43:03. Complainant Mason Chakraborty reports a gang-related incident involving victim Xavier Kala and accused Eta Mahajan. According to the complainant, on the mentioned date and time, he was at his residence in the Basavanagudi area when he heard loud noises and"
353,FIR202600353,CASE202600353,2024-10-14,60,156,1,2,6,17,2,46,2024-10-14 07:18:50,2024-10-14 15:13:50,2024-10-14 17:05:50,12.563545,74.040908,"On 14th October 2024 at approximately 7:18 PM, a serious assault took place at Tumakuru South Police Station in Tumakuru district. The complainant, Adweta Deol, reported that Tanveer Solanki and Avni Chanda were assaulted by Neha Lal and Hardik Setty. The accused allegedly attacked the victims with a blunt"
354,FIR202600354,CASE202600354,2026-06-22,414,108,2,1,13,38,1,32,2026-06-22 08:34:52,2026-06-22 10:11:52,2026-06-22 10:24:52,13.000555,76.249412,"On 22nd June 2026 at around 8:34 am, a complaint was filed by Rachita Ram at Kodagu Town Police Station, Kodagu district, regarding an organized crime of extortion committed by Nihal Banerjee against Balvan Dhillon. The complainant alleges that Banerjee threatened to harm Dhillon and his family if he did not"
355,FIR202600355,CASE202600355,2024-11-29,57,14,1,1,13,38,5,5,2024-11-28 20:35:19,2024-11-29 02:15:19,2024-11-29 03:51:19,11.724368,74.464028,"On 28th November 2024 at around 8:35 pm, Xiti Patil, a resident of Tilakwadi Police Station in Belagavi district, filed a complaint against Onveer Boase and Ansh Basak for committing organized crime and extortion. The accused had been threatening and intimidating Girindra Salvi, a local businessman, to"
356,FIR202600356,CASE202600356,2026-06-17,123,118,4,1,2,6,5,34,2026-06-16 16:33:39,2026-06-17 02:12:39,2026-06-17 02:36:39,14.470436,76.672818,"On 16th June 2026 at approximately 4:33 pm, a chain snatching incident occurred at Koppal West Police Station in Koppal district. The complainant, Bhavini Datta, reported that two accused, Andrew Joshi and Rishi Dutta, snatched a gold chain worth INR 50,000 from Tripti Pandey and"
357,FIR202600357,CASE202600357,2025-01-30,78,89,2,1,13,37,5,25,2025-01-30 11:11:47,2025-01-30 17:36:47,2025-01-30 18:56:47,12.753179,77.346591,"On 30th January 2025 at approximately 11:11:47 AM, a complaint was filed by Yachana Pathak at Gadag East Police Station, Gadag district, regarding an organized crime committed by Rishi Chhabra and Ojas Jhaveri. The victim, Vrinda Dash, was allegedly gang-raped by the accused parties. Further"
358,FIR202600358,CASE202600358,2024-10-09,197,98,1,1,5,15,4,28,2024-10-09 07:19:28,2024-10-09 20:13:28,2024-10-09 20:48:28,17.398853,77.612752,"On 9th October 2024 at approximately 7:19 pm, Haveri East Police Station received a complaint from Kritika Hegde regarding the brutal murder of her daughter Ridhi Venkataraman and niece Nitara Varughese. The victims were found dead in their residence with multiple stab wounds. Abdul Mahal, Anika Dar, and Azad D"
359,FIR202600359,CASE202600359,2025-06-01,433,1,1,1,8,24,5,1,2025-06-01 07:08:51,2025-06-01 08:27:51,2025-06-01 09:57:51,16.02649,74.132182,"On 01st June 2025 at around 07:08:51 hours, Atharv Menon, a resident of Bagalkote Town, lodged a complaint at the Bagalkote Town Police Station regarding an incident of drug manufacturing involving Ria Zachariah. The complainant alleged that Ria Zachariah was found to be involved in the illegal production and distribution of dru"
360,FIR202600360,CASE202600360,2025-12-30,218,82,2,2,12,34,2,24,2025-12-30 02:31:52,2025-12-30 10:53:52,2025-12-30 12:04:52,13.358462,78.317195,"On 30th December 2025 at approximately 2:31 am, a case of property damage and arson was reported at Dharwad Town Police Station, Dharwad district. The complainant, Inaya Chokshi, reported that her residential premises located at Balvan Kade, were damaged by accused Ekantika Natarajan, Yoshita Chawla, and"
361,FIR202600361,CASE202600361,2025-03-06,210,54,2,2,6,16,3,16,2025-03-06 04:50:14,2025-03-06 17:46:14,2025-03-06 18:06:14,12.235508,75.738649,"On March 6th, 2025 at approximately 4:50 am, Indira Iyer filed a complaint with Chamarajanagar Town Police Station regarding an assault incident that occurred earlier in the day. The accused, Anamika Tata, Benjamin Korpal and Eesha Bala, allegedly attacked Divya Hans and Manan Sibal without any provocation. The assault resulted in minor inj"
362,FIR202600362,CASE202600362,2025-10-03,488,162,1,1,5,15,5,48,2025-10-02 23:09:08,2025-10-03 10:13:08,2025-10-03 11:21:08,15.023143,74.463123,"On 02nd October 2025 at around 11:09 PM, a murder case was reported at Udupi West Police Station in Udupi district. The complainant, January Aggarwal, reported that his son Nathaniel Chokshi was brutally murdered by Tristan D'Alia and Siddharth Bhavsar, who are known to have a history of"
363,FIR202600363,CASE202600363,2025-07-26,165,128,2,2,6,16,3,40,2025-07-26 16:09:42,2025-07-26 19:06:42,2025-07-26 20:24:42,15.889838,77.626679,"On 26th July 2025 at around 4:09 pm, Ekta Mannan, the complainant, reported an assault incident that occurred at Alanahalli Police Station in Mysuru district. The accused, Lekha Sridhar, allegedly Simple Assaulted Gautam Naidu, the victim. Further investigation is underway to determine the circumstances surrounding this incident and identify any potential"
364,FIR202600364,CASE202600364,2025-04-26,492,124,1,2,1,1,2,35,2025-04-26 17:29:39,2025-04-26 18:59:39,2025-04-26 19:50:39,15.069607,74.363978,"On 26th April 2025 at approximately 17:29:39 hours, a theft incident occurred in Mandya South Police Station jurisdiction, Mandya district. The complainant Chandresh Bail reported that his vehicle, a white Toyota Corolla bearing registration number KA-01-MB-6483, was stolen from outside his residence located at House Number"
365,FIR202600365,CASE202600365,2025-09-11,92,113,1,2,9,27,4,33,2025-09-11 14:57:48,2025-09-11 19:17:48,2025-09-11 19:53:48,12.539683,77.444956,"On 11th September 2025 at approximately 2:57 PM, Rachit Nadkarni, the complainant, reported to Kolar East Police Station that his son Shivansh Dar went missing under suspicious circumstances. The accused, Isaiah Datta and Liam Ramaswamy, were last seen with Shivansh before he disappeared. An investigation revealed that the two accused had a history"
366,FIR202600366,CASE202600366,2025-01-23,372,101,1,1,10,29,1,30,2025-01-22 17:25:08,2025-01-23 03:08:08,2025-01-23 05:08:08,14.300622,74.307443,"On 22nd January 2025 at approximately 17:25hrs, a complaint was filed by Bhavini Ganesh (Complainant) at Kalaburagi Town Police Station, Kalaburagi district, regarding an incident of sexual harassment committed against Adweta Boase (Victim) by Jeremiah Loyal (Accused) and Girindra Dew"
367,FIR202600367,CASE202600367,2025-12-16,479,135,1,1,7,19,4,37,2025-12-15 20:51:16,2025-12-16 02:40:16,2025-12-16 04:33:16,15.880908,77.639399,"On 15th December 2025 at around 8:51 pm, Mandi Police Station received a complaint from Upkaar Keer regarding the kidnapping of his son Akshay Kapur and daughter Libni Narayan by Jason Ramanathan, Yashodhara Salvi, and Krish Datta. The complainant alleges that the accused abducted his children from their"
368,FIR202600368,CASE202600368,2024-07-25,113,146,1,2,6,16,3,44,2024-07-24 10:07:28,2024-07-24 20:57:28,2024-07-24 21:40:28,16.763644,77.507136,"On 24th July 2024 at approximately 10:07:28 am, a simple assault took place at Shivamogga Town Police Station in the Shivamogga district. The complainant, Chakrika Menon, reported that Victor Gandhi and Sachi Bajaj had physically harmed Yash Mand and Ijaya Sura. Further investigation is required to"
369,FIR202600369,CASE202600369,2026-05-21,140,98,4,1,13,37,5,28,2026-05-21 01:28:52,2026-05-21 05:37:52,2026-05-21 05:42:52,17.385619,77.589767,"On 21st May 2026 at approximately 01:28:52, Leena Anand, the complainant, reported a case of organized crime and gang activity to Haveri East Police Station in Haveri district. The accused, Ishita Kamdar, was involved in the criminal act that took place at Bhavya Mall. Further investigation is underway to gather more details about the"
370,FIR202600370,CASE202600370,2025-08-15,99,13,1,2,6,16,4,5,2025-08-15 03:31:59,2025-08-15 16:17:59,2025-08-15 17:01:59,11.701177,74.445146,"On August 15, 2025 at approximately 3:31 am, a simple assault took place at Camp Police Station in Belagavi district. The complainant, Vedhika Oak, reported that the accused, Sai Bahri, physically attacked the victim, Brijesh Pandya, resulting in minor injuries. Further investigation is underway to determine the motive and any potential aggra"
371,FIR202600371,CASE202600371,2025-12-24,229,99,4,1,8,22,2,28,2025-12-23 12:55:04,2025-12-24 01:12:04,2025-12-24 01:28:04,17.437974,77.620504,"On December 23rd, 2025 at approximately 12:55 PM, Haveri West Police Station received a complaint from Isaiah Saini regarding Lakshit Wagle's drug possession. Anita Raj was identified as the accused. According to the complainant, he witnessed Anita possessing and using drugs in a public place. The incident occurred at XYZ Mall on Main"
372,FIR202600372,CASE202600372,2026-01-09,258,32,4,2,12,35,4,10,2026-01-08 18:19:27,2026-01-09 06:24:27,2026-01-09 07:43:27,15.663606,77.711111,"On January 8th, 2026 at approximately 18:19:27 hours, a complaint was filed by Rohan Bhatt at Basavanagudi Police Station in Bengaluru Urban district regarding vandalism committed by Nachiket Ganesan and Gaurav Walla against Shravya Chaudhuri. The accused are alleged to have damaged the victim's property"
373,FIR202600373,CASE202600373,2025-11-18,70,25,4,1,2,6,5,8,2025-11-18 09:03:57,2025-11-18 10:30:57,2025-11-18 11:59:57,15.385591,77.283416,"On 18th November 2025 at approximately 9:03 am, a chain snatching incident occurred in Bengaluru rural district. The complainant, Mr. Reyansh Mander, reported that his friend, Ms. Bhavya Ganesan, was the victim of the crime. The accused, Vrinda Dugal and Siya Raval, were identified by the victim and"
374,FIR202600374,CASE202600374,2025-04-11,343,85,3,2,15,44,3,23,2025-04-11 14:49:21,2025-04-11 21:17:21,2025-04-11 21:56:21,13.323334,78.318398,"On April 11th, 2025 at approximately 2:49 PM, a complaint was filed by Bhavya Ramachandran regarding a public nuisance incident that occurred at the Dharwad North Police Station in Dharwad district. According to the complainant, three individuals, Sai Prashad, Jonathan Sur, and Manan Pant, created a disturbance and caused a"
375,FIR202600375,CASE202600375,2024-09-12,120,40,1,2,3,7,2,9,2024-09-11 14:49:59,2024-09-11 23:18:59,2024-09-12 00:03:59,15.609059,77.754789,"On 11th September 2024 at approximately 2:49 PM, a cybercrime was reported at Banashankari Police Station in Bengaluru Urban District. The complainant, Jatin Vora, alleged that he had been defrauded of Rs. 50,000 by an unknown person through an online platform. The victim, Pranit Jhaver"
376,FIR202600376,CASE202600376,2025-11-14,425,92,2,1,8,23,4,27,2025-11-13 18:33:32,2025-11-14 00:27:32,2025-11-14 00:47:32,18.420984,76.974736,"On 13th November 2025 at around 6:33 pm, Hassan Town Police Station received a complaint from Veer Rajagopalan regarding drug trafficking by Ekalinga Hayer and Yatin Comar. The complainant alleges that the accused were caught red-handed while transporting banned drugs in their vehicle near the outskirts of Hassan"
377,FIR202600377,CASE202600377,2025-03-18,79,121,1,2,4,11,2,36,2025-03-18 02:32:24,2025-03-18 05:17:24,2025-03-18 05:53:24,15.029127,74.369826,"On 18th March 2025 at around 2:32 am, Anmol Kalla and Krishna Dhar reported to Mandya East Police Station that Teerth Subramanian and Sudiksha Saini had committed fraud by submitting false insurance claims. The complainant, Zayyan Nanda, provided details of the incident, including the accused's names and their invol"
378,FIR202600378,CASE202600378,2025-03-06,52,71,3,1,5,13,1,20,2025-03-06 08:57:30,2025-03-06 16:51:30,2025-03-06 17:53:30,18.375115,77.943144,"On 6th March 2025 at approximately 8:57 am, Dakshina Kannada East Police Station received a complaint from Ekanta Narain regarding the intentional murder of Urmi Naidu and Chasmum Devi by Daniel Morar, Benjamin Anand, and Oni Chaudhry. The incident is believed to have taken place at a residential complex in the area. Further"
379,FIR202600379,CASE202600379,2026-03-26,176,3,4,1,2,4,1,1,2026-03-26 04:21:10,2026-03-26 05:24:10,2026-03-26 07:15:10,15.91705,74.154971,"On March 26th, 2026 at approximately 4:21 AM, a robbery occurred on the Bagalkote Highway, involving Jairaj Vala and Omisha Kade, along with an accomplice Warda Saran. Mitesh Sawhney, the complainant, reported that he was traveling from Hubli to Belagavi when his vehicle was stopped by the accused tri"
380,FIR202600380,CASE202600380,2025-12-24,463,56,3,2,11,33,1,16,2025-12-23 18:31:29,2025-12-24 05:08:29,2025-12-24 05:46:29,12.204576,75.714332,"On 23rd December 2025 at around 6:31 PM, Chamarajanagar West Police Station received a complaint from Chasmum Ganesh regarding a forgery incident involving Warda Narula and Faraj Dara. The accused, Sneha Naik, Maya Jain, and Zilmil Raman, are alleged to have forged documents and cheques belonging to the comp"
381,FIR202600381,CASE202600381,2025-02-24,232,171,4,1,13,37,1,50,2025-02-24 13:54:29,2025-02-24 20:01:29,2025-02-24 20:11:29,18.112791,78.250646,"On February 24th, 2025 at approximately 13:54:29 hours, a complaint was filed by Jeremiah Chandran regarding an organized crime incident involving gang activity. The accused, Aarav Sani and Gaurang Iyer, were allegedly involved in the criminal act that took place in Vijayanagara West Police Station's jurisdiction. The victim"
382,FIR202600382,CASE202600382,2025-03-03,257,50,4,2,14,42,4,15,2025-03-03 00:52:53,2025-03-03 08:53:53,2025-03-03 09:46:53,16.395671,75.582049,"On 03rd March 2025 at around 00:52:53hrs, a complaint was lodged by Aishani Dash at Bidar East Police Station, Bidar district, regarding an illegal racing incident that took place on the outskirts of the city. The complainant alleged that Pratyush Chatterjee and Yashodhara Das were"
383,FIR202600383,CASE202600383,2025-05-13,327,157,2,1,5,14,4,45,2025-05-13 10:36:49,2025-05-13 13:38:49,2025-05-13 15:01:49,12.593158,74.009667,"On 13th May 2025 at approximately 10:36 AM, Tumakuru Central Police Station received a complaint from Maya Nadkarni regarding the murder of Ronith Bir, who was killed by contract killing. The accused, Faris Vig and Vasudha Ram, are believed to have hired a hitman to carry out the crime. Further investigation is underway to apprehend"
384,FIR202600384,CASE202600384,2025-05-09,156,51,4,1,7,21,4,15,2025-05-09 02:59:38,2025-05-09 04:04:38,2025-05-09 04:44:38,16.403675,75.546745,"On May 9th, 2025 at approximately 2:59 am, a kidnapping incident occurred in Bidar West Police Station's jurisdiction. Bachittar Swamy, the complainant, reported that his friend Arin Balan was abducted by Yoshita Dada, who is accused of human trafficking. The victim was last seen at a local bar, where he"
385,FIR202600385,CASE202600385,2025-02-21,63,45,2,2,11,33,1,11,2025-02-21 05:12:27,2025-02-21 13:02:27,2025-02-21 14:38:27,15.598733,77.756066,"On February 21st, 2025 at approximately 5:12 pm, KR Puram Police Station in Bengaluru Urban received a complaint from Gaurang Kothari regarding economic offense and forgery committed by Sachi Dua and Pratyush Comar. The victims are Anjali Bora. Further investigation revealed that the accused forged documents to obtain loans from financial institutions,"
386,FIR202600386,CASE202600386,2024-10-23,143,176,3,2,15,45,5,51,2024-10-22 21:52:45,2024-10-23 04:16:45,2024-10-23 04:55:45,11.624043,78.307904,"On 22nd October 2024 at approximately 9:52 PM, a complaint was filed by Advaith Raj regarding an illegal gathering at a residence in Vijayapura North Police Station jurisdiction. The accused, Neha Chaudhry and Samaksh Chhabra, had gathered a large crowd without proper authorization from the local authorities, causing a disturbance to the peaceful neighborhood"
387,FIR202600387,CASE202600387,2025-05-22,473,21,1,2,15,44,1,6,2025-05-22 03:02:09,2025-05-22 11:35:09,2025-05-22 12:25:09,11.756393,74.493651,"On 22nd May 2025 at approximately 3:02 am, Udyambag Police Station received a complaint from Ekanta Singh regarding a public nuisance created by Girindra Tailor and Shivansh Kumer in Belagavi. The complainant alleged that the accused had been creating a disturbance in the area by playing loud music and causing a noise pollution, thereby"
388,FIR202600388,CASE202600388,2026-06-01,238,115,1,2,4,12,2,33,2026-05-31 17:11:48,2026-05-31 22:45:48,2026-06-01 00:34:48,12.530637,77.478184,"On 31st May 2026 at approximately 5:11 PM, a complaint was filed by Sanya Gaba at Kolar North Police Station regarding an investment scam committed by Rudra Deol. The victim, Omkaar Sama, alleges that he was lured into investing in a fake scheme by Rudra Deol, who promised unrealistic returns. The complainant"
389,FIR202600389,CASE202600389,2025-11-23,189,76,4,2,6,16,2,21,2025-11-23 04:44:11,2025-11-23 09:21:11,2025-11-23 10:06:11,18.451057,77.915731,"On 23rd November 2025 at around 4:44 am, a simple assault case was reported at Dakshina Kannada Market Police Station in Dakshina Kannada district. The complainant, Falak Kumar, alleged that he was assaulted by Laksh Sawhney, Ayushman Shanker, and Varenya Iyer. The victim, Eiravati"
390,FIR202600390,CASE202600390,2026-05-05,237,76,3,1,10,30,2,21,2026-05-04 15:45:35,2026-05-05 01:57:35,2026-05-05 03:49:35,18.428745,77.924572,"On 04th May 2026 at approximately 15:45 hours, Frederick Goda, the complainant, reported to Dakshina Kannada Market Police Station that Yadavi Wadhwa, the accused, has been stalking and harassing his sister, Charita Anne. The accused has been seen near her residence on multiple occasions, and his behavior is causing her significant distress"
391,FIR202600391,CASE202600391,2025-10-10,196,167,1,1,2,4,2,49,2025-10-09 16:04:05,2025-10-10 02:18:05,2025-10-10 02:25:05,15.050638,74.897024,"On 9th October 2025 at approximately 4:04 pm, three individuals namely Chasmum Rai, Ekapad Kashyap and Tara Dara, robbed Wriddhish Das and Avi Pal of their valuables while they were traveling on the highway in Uttara Kannada district. The complainant, Fiyaz Buch, witnessed the incident and"
392,FIR202600392,CASE202600392,2025-02-25,210,54,2,1,13,37,3,16,2025-02-25 00:45:37,2025-02-25 12:56:37,2025-02-25 14:43:37,12.21898,75.721753,"On 25th February 2025 at around 0045 hours, Pranav Narayanan, a resident of Chamarajanagar Town, lodged a complaint at Chamarajanagar Town Police Station regarding an organized crime committed by Gopal Gera and his associates. The complainant alleged that he was assaulted and robbed of Rs 500"
393,FIR202600393,CASE202600393,2025-08-22,373,103,2,1,13,37,5,31,2025-08-21 23:32:49,2025-08-22 05:36:49,2025-08-22 06:28:49,14.320479,74.247741,"On 21st August 2025 at approximately 11:32 PM, a complaint was filed by Adweta Parsa regarding an organized crime incident that occurred in Kalaburagi West Police Station's jurisdiction. The victim, Atharv Mody, was allegedly attacked and injured by Tarak Dube, a known gang member. Further investigation revealed that the accused had planned and executed the"
394,FIR202600394,CASE202600394,2024-07-24,1,20,3,2,6,16,2,6,2024-07-23 11:53:56,2024-07-24 00:20:56,2024-07-24 02:06:56,11.770918,74.416234,"On 23rd July 2024 at approximately 11:53:56 am, a simple assault case was reported at Fort Police Station in Belagavi district. The complainant, Eesha Tank, alleged that the accused, Teerth Karnik, had physically assaulted her friend, Yochana Lad, at a private residence. Further investigation is underway to determine the"
395,FIR202600395,CASE202600395,2025-02-15,307,63,2,2,12,36,5,18,2025-02-14 22:03:14,2025-02-15 04:17:14,2025-02-15 05:47:14,12.087965,75.362075,"On 14th February 2025 at around 22:03 hours, a complaint was filed by Logan Kannan (victim) regarding illegal encroachment of his property by Kalpit Kala (accused). The accused had constructed a structure without proper permission on the victim's land, causing damage to the same. Further investigation revealed that the accused had been carrying out this act with"
396,FIR202600396,CASE202600396,2025-05-29,380,122,3,2,3,7,1,35,2025-05-28 22:17:57,2025-05-29 10:53:57,2025-05-29 11:48:57,15.000629,74.455065,"On 28th May 2025 at approximately 10:17 PM, a cybercrime was reported to Mandya West Police Station in Mandya district. The complainant, Chameli Choudhury, alleged that Lakshit Murthy and Nitara Barman were victims of online fraud perpetrated by Rudra Deshmukh, Ekanta Gokhale,"
397,FIR202600397,CASE202600397,2025-09-14,118,68,2,2,11,33,1,19,2025-09-14 01:41:53,2025-09-14 09:50:53,2025-09-14 10:37:53,15.49362,77.280673,"On 14th September 2025 at around 1:41 am, Chatresh Rana, the complainant, lodged a complaint at Chitradurga West Police Station in Chitradurga district regarding an economic offense committed by Naksh Raghavan, the accused. The offense involved forgery, as Naksh forged a document to obtain money from Nicholas Prab"
398,FIR202600398,CASE202600398,2025-11-07,264,140,2,2,11,31,3,41,2025-11-06 21:44:06,2025-11-07 05:44:06,2025-11-07 06:22:06,14.159864,78.594453,"On 6th November 2025 at approximately 9:44 PM, Hritik Talwar, a resident of Raichur North Police Station in Raichur district, filed a complaint alleging that Samaksh Purohit had engaged in money laundering activities. The complainant claimed that the accused had transferred large sums of money from various sources to his personal bank accounts, making it difficult to"
399,FIR202600399,CASE202600399,2025-06-23,368,48,3,1,13,37,1,9,2025-06-23 05:13:56,2025-06-23 06:37:56,2025-06-23 07:38:56,15.672582,77.762871,"On 23rd June 2025 at around 5:13 pm, a complaint was filed by Vritti Pall at Bellandur Police Station, Bengaluru Urban district, regarding an organized crime committed by Avni Ray and his gang. The victim, Darsh Wable, sustained injuries during the incident. Further investigation revealed that the accused and his accomplices had planned and executed the attack"
400,FIR202600400,CASE202600400,2025-06-07,3,28,4,2,15,44,3,10,2025-06-06 18:29:41,2025-06-07 03:53:41,2025-06-07 04:10:41,15.6391,77.69746,"On 6th June 2025 at approximately 18:29:41 hours, a complaint was filed by Madhav Dhillon regarding a public nuisance incident that occurred at Cubbon Park in Bengaluru Urban district. The complainant alleged that Leena Kuruvilla and Manbir Garde created a disturbance and caused a public nuisance by shouting abusive s"
401,FIR202600401,CASE202600401,2024-12-24,372,101,2,2,3,8,1,31,2024-12-24 04:06:06,2024-12-24 05:24:06,2024-12-24 05:31:06,14.305529,74.265467,"On 24th December 2024 at around 04:06 am, a complaint was filed by Teerth Dixit regarding a cybercrime committed by Saumya Manne and Vrinda Purohit. The duo is accused of phishing, where they created fake emails and messages to deceive Dominic Varma, a resident of Kalaburagi, and obtained his"
402,FIR202600402,CASE202600402,2025-06-29,250,110,3,2,3,8,2,32,2025-06-29 02:59:17,2025-06-29 15:03:17,2025-06-29 16:18:17,13.003182,76.345306,"On 29th June 2025 at around 2:59 am, Devika Butala, the complainant, reported a cybercrime incident to Kodagu West Police Station in Kodagu district. The accused, Anirudh Mann, is suspected of phishing attacks on Peter Sen, the victim, through social engineering tactics, resulting in financial loss to the latter. Further investigation revealed"
403,FIR202600403,CASE202600403,2026-05-04,450,103,4,2,12,34,4,29,2026-05-03 11:39:57,2026-05-03 22:49:57,2026-05-04 00:11:57,14.306169,74.247754,"On 3rd May 2026 at approximately 11:39:57 am, a complaint was filed by Tanmayi Bahri at Kalaburagi West Police Station, District Kalaburagi, regarding an incident of property damage through arson. The victim, Gaurang Trivedi, reported that his commercial establishment located on the main road in Kalaburagi was set ablaze"
404,FIR202600404,CASE202600404,2026-02-17,426,87,2,2,4,11,5,24,2026-02-16 17:21:28,2026-02-17 06:20:28,2026-02-17 07:58:28,13.353418,78.274478,"On February 16, 2026, at approximately 17:21:28 hours, a complaint was lodged by Caleb Kunda at Dharwad Central Police Station, Dharwad district, pertaining to an incident of fraud committed by Dayita Datta. The victim, Yochana Mall, had been deceived by the accused into purchasing a fake insurance policy,"
405,FIR202600405,CASE202600405,2024-11-23,212,51,2,1,2,4,4,15,2024-11-22 11:06:06,2024-11-22 21:41:06,2024-11-22 23:33:06,16.404656,75.556428,"On 22nd November 2024 at approximately 11:06 AM, a robbery occurred on the Bidar-Mumbai highway. The complainant, Xalak Munshi, reported that two individuals, Nachiket Bobal and Bina Khatri, had robbed them of their valuables while they were traveling in their car. The victim, Liam D"
406,FIR202600406,CASE202600406,2024-09-22,165,128,4,1,2,5,5,40,2024-09-22 07:07:24,2024-09-22 15:19:24,2024-09-22 15:36:24,15.858888,77.651266,"On 22nd September 2024 at around 7:07 am, a robbery occurred at the Mysuru City Bank located in Alanahalli Police Station district. The complainant, Joshua Lad, reported that two accused, Upadhriti Saran and Ganga Shah, entered the bank armed with weapons and threatened the employees and customers before making off with cash and other valuables worth"
407,FIR202600407,CASE202600407,2025-07-30,422,150,1,1,8,22,3,44,2025-07-29 13:49:42,2025-07-29 21:19:42,2025-07-29 22:26:42,16.771621,77.530351,"On 29th July 2025 at approximately 1349 hours, a complaint was filed by Ganga Mutti at Shivamogga South Police Station regarding an incident of drug possession involving Ranveer Keer and Jagrati Vohra. According to the complainant, she witnessed Vohra in possession of illegal drugs while traveling on a bus from Bangalore to"
408,FIR202600408,CASE202600408,2025-10-22,348,125,4,2,3,8,4,39,2025-10-22 05:23:21,2025-10-22 11:34:21,2025-10-22 12:36:21,15.903828,77.674219,"On 22nd October 2025 at around 5:23 AM, a complaint was filed by Jeevika Mahal regarding a cybercrime incident that occurred on the same day. The victim, Ubika Sekhon, reported that she received an email from an unknown sender with a malicious link, which when clicked, compromised her personal and financial information. Further investigation revealed that the accused"
409,FIR202600409,CASE202600409,2025-03-21,127,113,2,2,14,41,5,33,2025-03-21 16:47:38,2025-03-21 17:56:38,2025-03-21 19:37:38,12.490534,77.465848,"On 21st March 2025 at approximately 4:47 pm, a hit and run incident occurred near Kolar East Police Station in Kolar district. The complainant, Chavvi Bava, reported that her friend, Tara Bhat, was struck by a vehicle driven by Fitan Rau. The accused fled the scene without providing any assistance or exchanging details. The victim sustained serious"
410,FIR202600410,CASE202600410,2026-03-05,322,177,4,1,13,39,2,51,2026-03-04 20:39:55,2026-03-05 05:42:55,2026-03-05 07:34:55,11.667514,78.290489,"On 4th March 2026 at around 8:39 pm, Vijayapura South Police Station received a complaint from Lila Bera regarding the smuggling of contraband items by Nandini Bail and Faras Rao. The complainant alleged that the accused had been involved in this organized crime for quite some time now and had smuggled goods worth lakhs of ru"
411,FIR202600411,CASE202600411,2026-01-15,360,65,4,1,10,28,4,18,2026-01-15 09:11:59,2026-01-15 14:16:59,2026-01-15 15:11:59,12.017201,75.38314,"On 15th January 2026 at approximately 9:11 am, Chakradev Buch, a resident of Chikkamagaluru North Police Station in Chikkamagaluru district, lodged a complaint against Pooja Reddy and Saanvi Padmanabhan for dowry harassment. The victim, Lohit Mitra, was allegedly subjected to physical and"
412,FIR202600412,CASE202600412,2025-11-20,321,14,2,1,2,5,2,5,2025-11-19 22:32:22,2025-11-20 01:45:22,2025-11-20 03:33:22,11.685912,74.464015,"On 19th November 2025 at approximately 22:32 hours, a robbery occurred at the HDFC Bank located in Tilakwadi, Belagavi district. The complainant, Ikshita Amble, reported that two accused, Falan Khosla and Baljiwan Bumb, entered the bank armed with weapons and threatened the bank employees, Charvi Raman"
413,FIR202600413,CASE202600413,2025-01-01,176,3,4,2,4,12,2,1,2025-01-01 01:15:29,2025-01-01 11:31:29,2025-01-01 12:16:29,15.914429,74.138933,"On January 1st, 2025 at approximately 1:15 am, a fraudulent investment scam was reported to the Bagalkote West Police Station in the district of Bagalkote, Karnataka. The complainant, Sachi Garde, alleges that she and her husband, Qasim Sood, were induced by Timothy Sabharwal and Eiravati De"
414,FIR202600414,CASE202600414,2024-12-14,137,63,3,2,14,41,5,18,2024-12-13 16:08:20,2024-12-14 01:06:20,2024-12-14 03:02:20,12.086291,75.376755,"On 13th December 2024 at approximately 16:08:20 hours, a hit and run incident occurred near the Chikkamagaluru East Police Station in the district of Chikkamagaluru. The complainant, Tripti Dasgupta, reported that her son Vihaan Subramanian and his friend Harinakshi Vohra were struck by a"
415,FIR202600415,CASE202600415,2024-08-10,158,126,4,1,2,5,2,39,2024-08-09 19:13:54,2024-08-09 22:49:54,2024-08-10 00:09:54,15.8918,77.662608,"On 9th August 2024 at approximately 7:13 PM, a bank robbery occurred at the Mysuru City Bank branch located in Nazarbad, Mysuru district. The complainant, Aahana Parmer, reported that three accused, Owen Narang, Rushil Shan, and Jeremiah Tripathi, entered the bank armed with weapons and threatened the bank staff and customers"
416,FIR202600416,CASE202600416,2025-01-16,372,101,1,1,10,28,3,29,2025-01-15 14:34:46,2025-01-16 00:30:46,2025-01-16 01:19:46,14.305709,74.29847,"On 15th January 2025 at approximately 2:34 pm, Wakeeta Mann, the complainant, lodged a complaint at Kalaburagi Town Police Station, Kalaburagi district, regarding dowry harassment against her sister-in-law, Isha Brahmbhatt, by her husband, Yatin Rajagopalan. The complainant alleged"
417,FIR202600417,CASE202600417,2025-06-30,405,165,4,2,1,1,3,49,2025-06-30 12:42:33,2025-06-30 19:51:33,2025-06-30 21:15:33,15.066205,74.905737,"On 30th June 2025 at approximately 12:42 pm, a theft incident occurred in Uttara Kannada Town Police Station jurisdiction. The complainant Ijaya Dixit reported that her vehicle, a white Toyota Corolla bearing registration number KA-01-MB-3456, was stolen from outside her residence located at 123"
418,FIR202600418,CASE202600418,2026-03-27,124,120,4,2,15,44,2,36,2026-03-27 10:08:09,2026-03-27 11:55:09,2026-03-27 13:00:09,15.116299,74.42462,"On March 27th, at approximately 10:08 a.m., Unni Srinivas filed a complaint with Mandya Town Police Station regarding a public nuisance incident involving Matthew Tella and two other individuals, Samaksh Gala and Yashawini Cherian. According to the complainant, the trio created a disturbance in the local marketplace by shouting abusive language"
419,FIR202600419,CASE202600419,2024-09-14,355,132,3,1,5,14,4,38,2024-09-13 16:11:25,2024-09-14 04:54:25,2024-09-14 05:11:25,15.905863,77.665548,"On September 13, 2024, at approximately 16:11:25 hours, a murder occurred in Hebbal Police Station's jurisdiction. The victim, Wishi Krishna, was killed by contract killing. Aarush Hari is accused of the crime. Jagvi Mangal filed the complaint."
420,FIR202600420,CASE202600420,2025-05-18,94,102,4,1,13,38,3,29,2025-05-17 19:11:41,2025-05-18 07:37:41,2025-05-18 08:59:41,14.278777,74.307337,"On 17th May 2025 at approximately 7:11 PM, a complaint was filed by Jagat Majumdar regarding an extortion incident involving Gunbir Ahluwalia at Kalaburagi East Police Station in Kalaburagi district. The accused, Shravya Mohanty, is alleged to have threatened and intimidated Mr. Ahluwalia for money and"
421,FIR202600421,CASE202600421,2025-10-20,127,113,4,2,12,35,5,33,2025-10-19 22:28:49,2025-10-20 05:20:49,2025-10-20 05:32:49,12.532221,77.429697,"On 19th October 2025 at around 10:48 PM, Faraj Bassi, the complainant, reported to Kolar East Police Station that Nathan Bath had vandalized his friend Warinder Sha's property by damaging a wall and breaking a window. The incident occurred at Warinder Sha's residence in Kolar. The accused, Nathan Bath, is known to the victim"
422,FIR202600422,CASE202600422,2024-12-10,288,13,4,2,3,9,5,6,2024-12-10 06:57:37,2024-12-10 08:08:37,2024-12-10 08:37:37,11.739084,74.401128,"On 10th December 2024 at approximately 6:57 am, a cybercrime was reported at the Camp Police Station in Belagavi district. The complainant Girish Rao alleged that his friend Indali Badal's identity had been stolen by William Ahuja and Timothy Mammen. The accused are believed to have gained unauthorized access to Badal's"
423,FIR202600423,CASE202600423,2025-12-07,486,37,4,2,1,2,2,12,2025-12-06 21:54:11,2025-12-07 03:17:11,2025-12-07 05:07:11,15.618363,77.766245,"On December 6, 2025 at approximately 9:46 PM, Yashvi Shah, a resident of 100/1, Indiranagar, Bengaluru Urban, reported to the Indiranagar Police Station that his house was burglarized while he and his family were away on a trip. The accused, Max Dani, broke into the house through an open window and stole c"
424,FIR202600424,CASE202600424,2025-07-14,183,178,1,2,11,31,2,52,2025-07-14 09:24:44,2025-07-14 15:55:44,2025-07-14 17:16:44,17.644389,78.355398,"On 14th July 2025 at approximately 9:24 AM, a complaint was filed by Kritika Kade regarding money laundering charges against Nathan Biswas and Xalak Dhawan at Yadgir Town Police Station in Yadgir district. The complainant alleges that the accused have been involved in an economic offense and have been using illegal means to launder"
425,FIR202600425,CASE202600425,2025-01-15,393,73,3,2,6,16,3,20,2025-01-14 23:44:29,2025-01-15 12:37:29,2025-01-15 14:10:29,18.355301,77.930149,"On 14th January 2025 at around 11:44 PM, Dakshina Kannada North Police Station received a complaint from Kabir Babu regarding an assault incident that took place at a party hosted by Gauri Jani at her residence in Dakshina Kannada. The complainant alleged that the accused, Harini Cherian and Kiaan Sule, physically assault"
426,FIR202600426,CASE202600426,2025-11-08,349,96,2,2,14,42,2,26,2025-11-07 21:07:11,2025-11-08 01:48:11,2025-11-08 02:21:11,18.417632,76.94128,"On 7th November 2025 at approximately 9:07 pm, a traffic crime was reported at Hassan South Police Station in the district of Hassan. The complainant, Chakradhar Tandon, reported that he was a victim of illegal racing on the road. The accused, Harinakshi Chaudhuri, was identified as the perpetrator."
427,FIR202600427,CASE202600427,2024-07-27,355,132,1,2,14,42,1,37,2024-07-27 04:45:29,2024-07-27 13:43:29,2024-07-27 14:04:29,15.908192,77.655147,"On 27th July 2024 at around 04:45 am, a traffic crime was reported at Hebbal Police Station in Mysuru district. The complainant Jason Sha reported that he and his friend Gautami Sibal were driving on the road when they noticed an illegal racing event taking place near the Hebbal flyover. They immediately informed the police control room and rushed to the spot. On"
428,FIR202600428,CASE202600428,2026-01-15,347,34,2,1,5,15,3,9,2026-01-15 06:11:49,2026-01-15 18:56:49,2026-01-15 20:23:49,15.654037,77.716628,"On 15th January 2026 at around 6:11 pm, Aarna Cherian, the complainant, lodged a complaint at Madiwala Police Station in Bengaluru Urban district regarding the murder of Zehaan Chokshi and Vasudha Randhawa, who were brutally killed by their own brother Aarav Grover and his friend Dhruv Dixit"
429,FIR202600429,CASE202600429,2026-01-29,133,71,3,1,8,23,2,20,2026-01-29 00:08:55,2026-01-29 08:27:55,2026-01-29 09:58:55,18.379689,77.951982,"On 29th January 2026 at approximately 00:08:55 hours, a complaint was lodged by Aishani Basu against Owen Kade for drug trafficking offense. The victim, Fariq Padmanabhan, was found in possession of illegal drugs and Owen Kade was identified as the supplier. Further investigation revealed that Owen Kade had"
430,FIR202600430,CASE202600430,2024-10-08,319,6,1,2,1,3,3,2,2024-10-07 23:56:09,2024-10-08 09:37:09,2024-10-08 10:58:09,16.649085,77.134666,"On 07-10-2024 at approximately 11:56 PM, Ballari Town Police Station received a complaint from Dayamai Kapur regarding the theft of two mobile phones valued at Rs. 30,000 belonging to Balendra Palan and Nidhi Saran. The accused, Dayamai Sharma and Aarnav Sagar, were identified by"
431,FIR202600431,CASE202600431,2025-05-26,1,20,4,1,2,5,3,7,2025-05-25 12:18:13,2025-05-25 23:38:13,2025-05-26 01:33:13,11.728947,74.419949,"On 25th May 2025 at approximately 12:18 PM, Fort Police Station in Belagavi district received a complaint from Falguni Mitra regarding a robbery incident that occurred at a bank located in the city. The complainant alleged that three accused, Ekaraj Bera, Jalsa Bansal, and an unidentified person, entered the bank armed with"
432,FIR202600432,CASE202600432,2024-11-27,82,2,3,2,4,10,5,1,2024-11-26 22:13:40,2024-11-27 03:10:40,2024-11-27 03:22:40,15.984017,74.085785,"On 26th November 2024 at around 10:35 pm, Tanay Mallick, a resident of Bagalkote East Police Station in Bagalkote district, lodged a complaint alleging that Teerth Bava and Turvi Badal were cheated by Lucky Bajaj and Sachi Bhatti. The accused are said to have issued fake cheques worth Rs 50"
433,FIR202600433,CASE202600433,2026-06-13,145,179,2,2,12,34,4,52,2026-06-13 09:34:07,2026-06-13 14:50:07,2026-06-13 15:48:07,17.635487,78.306365,"On 13th June 2026 at around 9:34 am, Yadgir East Police Station received a complaint from Zinal Yadav regarding damage to his property by accused Rajeshri Ram through arson. The complainant stated that the accused had a personal grudge against him and intentionally set fire to his house, causing significant damage. The incident occurred at 13/4,"
434,FIR202600434,CASE202600434,2025-08-01,296,107,2,2,6,18,2,30,2025-07-31 09:09:23,2025-07-31 20:43:23,2025-07-31 22:09:23,14.335014,74.347859,"On 31st July 2025 at around 9:09 am, a complaint was filed by Priya Patel at Kalaburagi Market Police Station regarding an assault incident that took place at her residence. The accused, Liam Bhasin, Janya Mangal, and Lucky Sandal, allegedly physically assaulted her husband Balveer Sant and son Ryan Golla due to domestic"
435,FIR202600435,CASE202600435,2024-08-28,237,76,3,2,14,40,5,21,2024-08-28 09:13:54,2024-08-28 12:31:54,2024-08-28 12:48:54,18.403895,77.929558,"On August 28th, 2024 at approximately 9:13:54 am, a traffic crime was reported at Dakshina Kannada Market Police Station in Dakshina Kannada district. The complainant, Avni Cherian, reported that the accused, Ethan Balasubramanian, was driving under the influence of alcohol and caused an accident involving the victim, Indraj"
436,FIR202600436,CASE202600436,2025-01-19,71,38,2,2,11,32,1,12,2025-01-18 17:53:48,2025-01-18 22:15:48,2025-01-18 22:48:48,15.620707,77.772235,"On 18th January 2025 at around 5:53 PM, a complaint was filed by Wahab Sabharwal at Rajajinagar Police Station, Bengaluru Urban district, regarding tax fraud committed by Radha Wali and Tanish Kulkarni against Robert Kumer. The complainant alleges that the accused duo falsified financial records and embezzled"
437,FIR202600437,CASE202600437,2026-03-26,285,106,3,1,5,15,3,30,2026-03-26 09:54:16,2026-03-26 18:48:16,2026-03-26 19:08:16,14.284528,74.350251,"On March 26th, 2026 at approximately 9:54 am, a murder occurred in Kalaburagi Central Police Station's jurisdiction. The victim was Tanveer Sagar and Suhani Rege, who were brutally killed by their own family members, Jai Devi and Vinaya Dash, in an act of honor killing. The complainant is Jhalak Samp"
438,FIR202600438,CASE202600438,2025-06-17,24,168,1,1,8,22,5,49,2025-06-17 01:47:54,2025-06-17 04:42:54,2025-06-17 06:14:54,15.070318,74.908999,"On 17th June 2025 at approximately 01:47:54 hours, a complaint was filed by Ranveer Gala (Complainant) regarding an incident of drug possession involving Neha Taneja (Accused) and Luke Bawa (Accused). The complainant alleges that he was present at the scene when the accused were found in possession of illegal drugs."
439,FIR202600439,CASE202600439,2026-02-21,56,16,2,2,3,7,3,5,2026-02-20 14:35:27,2026-02-20 22:11:27,2026-02-21 00:10:27,11.740122,74.465355,"On February 20th, 2026 at approximately 14:35:27, a cybercrime was reported at Shahapur Police Station in Belagavi district. The complainant, Mohammed Guha, alleged that his friends, Advay Nair and Nandini Bhattacharyya, were defrauded of Rs 10 lakhs by Ekaraj Bal"
440,FIR202600440,CASE202600440,2025-11-16,478,87,2,1,13,37,4,23,2025-11-16 04:18:48,2025-11-16 10:58:48,2025-11-16 11:25:48,13.375572,78.25787,"On 16th November 2025 at approximately 4:18 am, a complaint was filed by Zashil Hayer at Dharwad Central Police Station, regarding an organized crime incident that occurred in the early hours of the same day. The victim, Amol Ray, was allegedly attacked and injured by Urvi Tripathi, who is believed to be a member of a local gang. The incident"
441,FIR202600441,CASE202600441,2026-07-05,210,54,3,2,4,10,5,16,2026-07-04 23:02:30,2026-07-05 02:33:30,2026-07-05 04:18:30,12.223171,75.738913,"On 04th July 2026 at around 11:02 PM, Tanish Dash, a resident of Chamarajanagar Town, reported to the police station that Tamanna Chand and Ishwar Dalal had committed fraud by issuing cheques in his name without his consent. The complainant, Balveer Chander, stated that he had given the accused power of attorney"
442,FIR202600442,CASE202600442,2025-09-25,326,154,4,1,7,20,4,45,2025-09-25 05:09:19,2025-09-25 12:09:19,2025-09-25 12:18:19,12.569121,73.981274,"On September 25th, 2025 at approximately 5:09 am, Tumakuru West Police Station received a complaint from Hemang Borde regarding the kidnapping of Manbir Saxena and Vyanjana Sarraf by Victor Rao and Faraj Nigam. The complainant reported that the victims were abducted from their residence in Tumakuru district, and an"
443,FIR202600443,CASE202600443,2026-06-07,247,26,1,2,15,44,5,8,2026-06-07 16:30:31,2026-06-07 20:31:31,2026-06-07 22:02:31,15.440496,77.246076,"On 7th June 2026 at approximately 16:30 hours, a public nuisance incident was reported at Bengaluru Rural North Police Station, Bengaluru Rural district. The complainant Patrick Chakraborty reported that the accused Urmi Devan had created a disturbance in the public area by playing loud music from her vehicle without proper authorization. The victim William Garde suffered"
444,FIR202600444,CASE202600444,2026-04-26,149,138,3,1,5,13,1,41,2026-04-26 10:59:20,2026-04-26 18:31:20,2026-04-26 19:51:20,14.1874,78.630025,"On 26th April 2026 at approximately 10:59:20 am, Raichur East Police Station received a complaint from Naksh Prakash regarding the intentional murder of his wife Falguni Mall by her husband Praneel Gade. The accused and victim were known to each other, and the crime is believed to have occurred at their residential premises in Raichur."
445,FIR202600445,CASE202600445,2025-10-08,138,79,3,1,5,14,5,22,2025-10-07 14:34:10,2025-10-08 01:07:10,2025-10-08 01:55:10,15.953387,75.688382,"On 7th October 2025 at approximately 14:34:10 hours, a murder occurred at a residential complex in Davanagere East Police Station jurisdiction. The victim Chaaya Bhalla and Bhavani Johal were found dead with multiple stab wounds inside their residence. The complainant Sara Shere reported that she heard loud screams coming from the residence and upon"
446,FIR202600446,CASE202600446,2025-12-23,217,140,3,2,15,44,3,41,2025-12-23 10:13:11,2025-12-23 14:23:11,2025-12-23 16:11:11,14.146039,78.603844,"On 23rd December 2025 at approximately 10:13 AM, a complaint was filed by Xavier Kala regarding a public nuisance created by Krishna Raj, Kalpit Narang and Tanveer Tank at Raichur North Police Station, Raichur district. According to the complainant, the accused individuals had created a disturbance in the public area by playing loud"
447,FIR202600447,CASE202600447,2025-07-22,472,139,2,2,4,12,1,41,2025-07-21 21:15:41,2025-07-22 07:47:41,2025-07-22 08:13:41,14.131278,78.606044,"On 21st July 2025 at around 9:15 PM, Avi Chanda, a resident of Raichur West Police Station, filed a complaint against Ishwar Bera and Saumya Bala for committing fraud and investment scam. The complainant had invested a significant amount of money with the accused, who promised unrealistic returns. However, the accused"
448,FIR202600448,CASE202600448,2026-03-14,85,51,1,1,7,21,3,15,2026-03-13 14:40:59,2026-03-14 00:19:59,2026-03-14 00:30:59,16.455122,75.574496,"On March 13th, 2026 at approximately 2:40 PM, Brinda Dhillon filed a complaint with Bidar West Police Station regarding the kidnapping of Henry Dubey and Niharika Nath by Warda Talwar, Dayamai Gala, and David Kaul. The victims were last seen at a shopping mall in Bidar where they were"
449,FIR202600449,CASE202600449,2025-08-22,54,7,1,2,1,3,1,2,2025-08-21 22:25:06,2025-08-22 05:53:06,2025-08-22 06:46:06,16.657473,77.078581,"On 21st August 2025 at approximately 10:45 PM, Ballari East Police Station received a complaint from Ijaya Salvi regarding the theft of her mobile phone. The complainant stated that she had left her phone unattended for a brief moment while attending to an emergency situation and upon returning, it was found missing. Further investigation revealed that the accused, Frado B"
450,FIR202600450,CASE202600450,2026-04-30,441,1,2,2,4,12,1,1,2026-04-30 14:58:17,2026-04-30 20:24:17,2026-04-30 21:53:17,16.0218,74.141214,"On 30th April 2026 at approximately 14:58 hours, a complaint was filed by Shamesh Pandey at Bagalkote Town Police Station regarding an investment scam committed by Lila Karnik. The victim, Wahab Batra, had invested a significant amount of money with Karnik, who promised unrealistic returns. However, the investment turned"
451,FIR202600451,CASE202600451,2026-01-10,500,40,2,1,7,19,5,9,2026-01-09 23:48:45,2026-01-10 12:27:45,2026-01-10 12:47:45,15.608656,77.739668,"On 9th January 2026 at approximately 11:48 PM, a kidnapping incident occurred at Banashankari Police Station in Bengaluru Urban district. The complainant, Damini Chakraborty, reported that her 5-year-old daughter, Ekani Borah, was abducted by two individuals, Lakshmi Parsa and Yashasvi Vala."
452,FIR202600452,CASE202600452,2025-06-30,234,37,2,1,10,28,3,13,2025-06-30 04:43:20,2025-06-30 13:55:20,2025-06-30 14:45:20,15.605776,77.730484,"On 30th June 2025 at around 4:43 am, Vrinda Dash (complainant) lodged a complaint at Indiranagar Police Station, Bengaluru Urban district, regarding dowry harassment against her sister-in-law Ekiya Bir (victim). The accused, Jackson Bansal and Alexander Ramanathan, have been harassing the"
453,FIR202600453,CASE202600453,2025-01-26,218,82,4,2,15,43,4,23,2025-01-25 22:41:44,2025-01-26 04:56:44,2025-01-26 05:01:44,13.351781,78.328362,"On 25th January 2025 at around 10:41 pm, a rioting incident occurred in Dharwad Town Police Station area, Dharwad district. The complainant Rachit Venkataraman reported that the accused Abhiram Bhatnagar and Charita Mani were involved in a violent altercation with the victim Dipta Roy. The accused allegedly attacked the victim with"
454,FIR202600454,CASE202600454,2025-01-17,250,110,4,2,3,7,5,32,2025-01-17 08:01:50,2025-01-17 10:47:50,2025-01-17 12:24:50,13.037192,76.324849,"On January 17, 2025, at approximately 8:01 am, Nathan Varughese filed a complaint with Kodagu West Police Station in Kodagu district regarding an online fraud committed by Nisha Chaudhari. According to the complainant, Charita Chowdhury was targeted and defrauded of a significant amount of money through a phishing scam"
455,FIR202600455,CASE202600455,2025-10-25,162,2,4,1,5,14,4,1,2025-10-25 15:00:54,2025-10-25 16:06:54,2025-10-25 17:55:54,16.012219,74.117745,"On 25th October 2025 at approximately 3:00 pm, a murder occurred in Bagalkote East Police Station's jurisdiction. The victim, Sai Memon (32), was killed by contract killers Saumya Sami (28), Anvi Virk (30), and Tarak Venkatesh (45). Balveer Raja, the complainant"
456,FIR202600456,CASE202600456,2026-01-26,204,142,3,1,13,39,3,42,2026-01-25 22:57:44,2026-01-26 06:44:44,2026-01-26 07:03:44,17.521718,74.046004,"On January 25th, 2026 at around 10:47 PM, a complaint was filed by Dayamai Sharaf regarding an organized crime incident that occurred in Ramanagara Town. The complainant alleged that Lopa Kaul and David Chander were smuggled into the country illegally by Radha Nayak and Logan Chanda, who are accused"
457,FIR202600457,CASE202600457,2025-08-03,134,160,1,2,14,40,2,48,2025-08-02 18:56:45,2025-08-03 01:18:45,2025-08-03 03:17:45,15.10073,74.473689,"On 02nd August 2025 at approximately 18:56hrs, a traffic crime was reported at Udupi Town Police Station in the district of Udupi. The complainant, Brinda Kade, reported that the accused, Oscar Memon, Pavani Rout and Gaurika Lala were driving under the influence of alcohol, causing an accident involving Vasatika Babu and Je"
458,FIR202600458,CASE202600458,2025-10-17,411,111,1,2,6,17,2,32,2025-10-17 18:18:46,2025-10-17 20:43:46,2025-10-17 21:39:46,12.961793,76.258821,"On 17th October 2025 at approximately 6:18 PM, a serious assault took place at Kodagu North Police Station, Kodagu district. The complainant Manan Sibal reported that the accused Balendra Sani physically harmed Rajata Choudhary. Further investigation is underway to determine the circumstances surrounding this incident."
459,FIR202600459,CASE202600459,2025-02-06,470,39,4,1,13,38,2,10,2025-02-06 01:05:13,2025-02-06 03:13:13,2025-02-06 04:47:13,15.636381,77.727925,"On 6th February 2025 at around 1:05 am, Peenya Police Station in Bengaluru Urban received a complaint from Odika Chokshi regarding an organized crime of extortion committed by Triveni Padmanabhan and Ojas Bath against Frado Dugar and Devansh Naidu. According to the complainant, the accused had been demanding money from"
460,FIR202600460,CASE202600460,2024-09-17,408,27,1,1,7,21,4,11,2024-09-17 00:41:04,2024-09-17 11:24:04,2024-09-17 12:25:04,15.67092,77.773164,"On 17th September 2024 at approximately 00:41 hours, a kidnapping incident occurred in Ashok Nagar Police Station jurisdiction, Bengaluru Urban district. The complainant Gautam Naidu reported that his daughter Kritika Kara (age 23) and her friend Advika Dhar (age 25) were forcefully taken away by Urishilla Bar"
461,FIR202600461,CASE202600461,2025-02-14,353,161,1,2,14,42,2,47,2025-02-14 01:33:13,2025-02-14 10:31:13,2025-02-14 11:38:13,15.099269,74.48699,"On February 14, 2025 at approximately 1:33 am, a traffic crime occurred in Udupi East Police Station jurisdiction. The complainant Kamala Bhatti reported that Thomas Dalal was involved in an illegal race on the highway with Anay Zachariah as the accused."
462,FIR202600462,CASE202600462,2025-02-04,404,30,1,1,5,15,3,11,2025-02-03 23:14:48,2025-02-04 00:59:48,2025-02-04 02:55:48,15.643677,77.738707,"On February 3rd, 2025 at approximately 11:14 PM, Hebbal Police Station in Bengaluru Urban received a complaint from Ucchal Dar regarding the murder of his daughter Jhalak Shankar by her husband Ekta Narasimhan and his accomplice Nirja Parikh. The complainant alleges that his daughter was brutally killed by the accused due to their"
463,FIR202600463,CASE202600463,2025-03-11,322,177,2,2,11,32,5,51,2025-03-10 13:08:38,2025-03-10 22:52:38,2025-03-11 00:26:38,11.624125,78.305074,"On March 10, 2025, at approximately 13:08:38 hours, Abhiram Boase, the complainant, reported to Vijayapura South Police Station that Theodore Mandal had committed tax fraud against Arjun Walia. Further investigation revealed that Mandal had falsified financial documents to evade payment of taxes amounting to a total of"
464,FIR202600464,CASE202600464,2025-08-16,443,36,2,1,8,23,4,11,2025-08-16 08:55:57,2025-08-16 12:48:57,2025-08-16 14:38:57,15.630484,77.753355,"On August 16th, at approximately 8:55 am, a drug offense was reported to the HAL Police Station in Bengaluru Urban District. The complainant, Akshay Kapur, alleged that Wazir Sidhu and Rohan Hari were victims of drug trafficking by Janaki Modi and Charvi Kant. Further investigation revealed that the accused had been supplying dru"
465,FIR202600465,CASE202600465,2024-10-31,285,106,1,2,11,31,5,29,2024-10-30 21:34:39,2024-10-31 06:28:39,2024-10-31 07:36:39,14.285799,74.341686,"On 30th October 2024 at approximately 9:34 pm, a complaint was filed by Kevin Narayan regarding money laundering activities conducted by Adya Rao, Isaiah Bail and Dhruv Raman. The trio is accused of using the accounts of Warinder Kata and Isaiah Virk to transfer and convert illegal funds into legitimate ones. The crime was committed"
466,FIR202600466,CASE202600466,2025-01-06,400,70,2,2,6,17,1,21,2025-01-05 19:44:32,2025-01-06 04:58:32,2025-01-06 06:13:32,18.404789,77.985762,"On 5th January, 2025 at approximately 7:44 PM, a serious assault took place at Dakshina Kannada Town Police Station in Dakshina Kannada district. The complainant, Wishi Mand, reported that the accused, Oliver Seshadri, had physically assaulted the victim, Jairaj Talwar, resulting in grievous bodily harm. The incident occurred"
467,FIR202600467,CASE202600467,2025-12-05,477,129,1,1,8,23,5,38,2025-12-05 04:19:36,2025-12-05 12:24:36,2025-12-05 14:18:36,15.856721,77.651668,"On 5th December 2025 at around 4:19 am, a complaint was filed by Girindra Sura at Lashkar Police Station in Mysuru district regarding drug trafficking incident involving Ucchal Ramesh. The accused, Peter Verma, was allegedly found possessing and distributing drugs illegally. Further investigation is underway to ascertain the circumstances surrounding"
468,FIR202600468,CASE202600468,2025-12-14,237,76,4,2,12,36,1,21,2025-12-14 03:56:25,2025-12-14 06:21:25,2025-12-14 07:18:25,18.429646,77.914049,"On 14th December 2025 at around 3:56 AM, a complaint was filed by Bakhshi Mall at Dakshina Kannada Market Police Station regarding illegal encroachment of property belonging to Lajita Parmer and Chaitanya Nath. The accused Tanveer Ganguly and Osha Bumb were identified as the perpetrators who had damaged the property without any"
469,FIR202600469,CASE202600469,2024-09-08,311,166,1,1,13,39,5,49,2024-09-07 11:29:39,2024-09-07 22:48:39,2024-09-08 00:46:39,15.094502,74.889133,"On September 7, 2024 at approximately 11:29:39 AM, a complaint was filed by Chaman Pandya regarding an organized crime incident involving smuggling that occurred in Uttara Kannada East Police Station's jurisdiction. The victim, Fariq Ganguly, reported that he was attacked and injured by Faras Trivedi, who is accused of the crime"
470,FIR202600470,CASE202600470,2025-05-13,21,161,4,2,6,17,1,48,2025-05-12 20:53:32,2025-05-13 01:47:32,2025-05-13 02:50:32,15.079622,74.497734,"On 12th May 2025 at around 8:53 pm, Manya Wagle filed a complaint at Udupi East Police Station in Udupi district, Karnataka, alleging that Onkar Walia was seriously assaulted by Devansh Karnik and Aashi Date. The incident occurred near the old bus stand in Udupi city. Witnesses reported hearing loud"
471,FIR202600471,CASE202600471,2025-08-18,24,168,4,2,12,36,3,49,2025-08-18 03:27:03,2025-08-18 15:55:03,2025-08-18 16:14:03,15.084087,74.897518,"On 18th August 2025 at approximately 3:27 am, a complaint was filed by Shravya Chaudhuri regarding illegal encroachment of land belonging to January Korpal and Kalpit Patla by Anvi De, Isaac Deo, and Rishi Ramanathan. The complainant alleges that the accused have constructed structures on the disputed land without proper authorization, thereby causing"
472,FIR202600472,CASE202600472,2025-05-19,451,160,3,2,6,18,3,48,2025-05-18 18:14:53,2025-05-19 03:47:53,2025-05-19 04:39:53,15.046172,74.467439,"On 18th May 2025 at approximately 6:14 pm, Bhavya Ganesan, the complainant, reported an assault incident that occurred at Naksh Cheema's residence in Udupi Town Police Station jurisdiction. The accused, Isaiah Saha, allegedly physically assaulted Naksh Cheema due to domestic violence issues."
473,FIR202600473,CASE202600473,2024-12-19,153,42,2,2,14,42,4,10,2024-12-19 05:21:38,2024-12-19 07:37:38,2024-12-19 09:00:38,15.609199,77.736803,"On December 19, 2024 at approximately 5:21:38 PM, Koramangala Police Station in Bengaluru Urban received a complaint from Krishna Sodhi regarding an illegal racing incident involving Pavani Nagi. The complainant alleged that Nagi was driving his car at high speeds on the road, endangering the lives of other motorists and pedestri"
474,FIR202600474,CASE202600474,2025-05-22,392,2,4,2,4,11,2,1,2025-05-21 21:47:59,2025-05-22 10:08:59,2025-05-22 10:26:59,15.962561,74.104604,"On 21st May 2025 at approximately 9:47 PM, a fraud incident was reported at Bagalkote East Police Station, Bagalkote district. The complainant, Qabil Shanker, alleged that Yashoda Ray and Noah Chakraborty were defrauded by Harish Nigam and Zarna Tata, who falsely claimed to be ins"
475,FIR202600475,CASE202600475,2026-05-06,60,156,1,1,13,38,4,45,2026-05-06 02:54:44,2026-05-06 14:31:44,2026-05-06 15:40:44,12.596124,74.008387,"On 6th May 2026 at approximately 2:54 AM, a complaint was filed by Pranit Jhaveri regarding an extortion incident involving Kalpit Ratti and Aahana Narain, who were allegedly threatened and intimidated by Tejas Prabhakar and Aarna Natarajan. The accused are believed to have used organized crime methods to carry out"
476,FIR202600476,CASE202600476,2025-09-17,490,147,1,2,9,26,5,43,2025-09-17 00:30:02,2025-09-17 09:29:02,2025-09-17 10:39:02,16.737728,77.521139,"On 17th September 2025 at approximately 00:30 hours, a missing person's report was filed at Shivamogga East Police Station by Divya Sant, the victim's mother Zehaan Dixit went missing after he left for work on the previous day. The accused Vasana Majumdar and Jalsa Bhalla were identified as the last people to see Ze"
477,FIR202600477,CASE202600477,2025-12-06,443,36,2,1,2,5,5,10,2025-12-06 07:31:45,2025-12-06 18:27:45,2025-12-06 19:13:45,15.629843,77.7417,"On December 6, 2025, at approximately 7:31 am, Anusha Kalla filed a complaint at HAL Police Station in Bengaluru Urban district regarding a robbery that occurred at a bank located on Old Airport Road. The accused, Chakradhar Mand, entered the bank and threatened the employees with a weapon before stealing cash and other valuables. Utkarsh Ram"
478,FIR202600478,CASE202600478,2026-04-01,487,141,2,1,5,14,3,41,2026-04-01 11:04:43,2026-04-01 16:32:43,2026-04-01 18:20:43,14.13832,78.58016,"On 01st April 2026 at approximately 11:04 am, Krishna Dhar, the complainant, reported to Raichur South Police Station that his wife, Oeshi Vyas, was murdered by Ethan Kapadia and Theodore Yadav, who are accused of contract killing. According to the complainant, the accused had hired a hitman to"
479,FIR202600479,CASE202600479,2026-01-26,451,163,3,2,14,42,5,48,2026-01-25 19:10:25,2026-01-26 01:55:25,2026-01-26 03:34:25,15.09736,74.435012,"On January 25th, 2026 at approximately 7:10 PM, Tejas Naidu filed a complaint with the Udupi North Police Station regarding an illegal racing incident that occurred on the outskirts of Udupi. The complainant alleges that Matthew Karan, Hema Bala, and Aachal Mani were involved in a high-speed race on a public"
480,FIR202600480,CASE202600480,2025-04-23,21,161,3,2,11,32,2,47,2025-04-23 06:14:45,2025-04-23 18:55:45,2025-04-23 19:22:45,15.078562,74.498762,"On 23rd April 2025 at around 6:14 PM, Chanakya Devi, the complainant, reported to Udupi East Police Station that Chaitanya Tailor, the accused, had committed tax fraud by misrepresenting his income and evading payment of taxes. The accused, who is a resident of Udupi, has been involved in this fraudul"
481,FIR202600481,CASE202600481,2024-07-27,137,63,1,1,13,38,5,18,2024-07-27 10:49:55,2024-07-27 19:26:55,2024-07-27 20:44:55,12.081705,75.379827,"On 27th July 2024 at around 10:49 am, a complaint was filed by Keya Vala at Chikkamagaluru East Police Station regarding an organized crime of extortion committed by Chatresh Master, Wakeeta Konda and Falguni Arya against Mohammed Jayaraman and Devika Dutt. The accused had allegedly demanded money from the"
482,FIR202600482,CASE202600482,2025-04-03,287,88,3,2,15,44,1,25,2025-04-02 15:19:26,2025-04-03 00:25:26,2025-04-03 00:33:26,12.682445,77.370183,"On 02nd April 2025 at approximately 15:19:26hrs, a complaint was filed by Wridesh Narula regarding a public nuisance created by Jagvi Nagi and Chanchal Doctor at Gadag Town Police Station in the district of Gadag. The accused had allegedly created a disturbance in the public area by playing loud music without permission, thereby"
483,FIR202600483,CASE202600483,2026-01-17,379,156,2,1,5,13,3,45,2026-01-17 01:36:35,2026-01-17 12:52:35,2026-01-17 13:15:35,12.579729,74.025835,"On January 17th, 2026 at approximately 1:36 AM, Tumakuru South Police Station received a complaint from Ganga Dara regarding the intentional murder of Timothy Barman and Isaiah Gour by Balveer Goyal and Chandani Raja. The incident occurred at a private residence in Tumakuru district. Further investigation revealed that the accused had planned and executed the"
484,FIR202600484,CASE202600484,2026-03-30,494,134,1,2,6,17,1,37,2026-03-30 02:17:31,2026-03-30 13:12:31,2026-03-30 14:43:31,15.907203,77.626032,"On March 30th, 2026 at approximately 2:17 AM, a serious assault took place at Balhaar Bahri, Mysuru, Karnataka. The complainant, David Sankaran, reported that the accused, Madhavi Mandal and Wahab Issac, physically assaulted Yochana Warrior, causing grievous hurt. The incident is believed to have occurred"
485,FIR202600485,CASE202600485,2026-06-10,285,106,4,2,4,12,3,31,2026-06-10 03:08:22,2026-06-10 15:50:22,2026-06-10 16:01:22,14.30456,74.369589,"On 10th June 2026 at around 3:08 am, a fraudulent investment scam was reported to Kalaburagi Central Police Station, Kalaburagi district. The complainant, Reyansh Chhabra, alleged that he had invested a significant amount of money with Isaac Dhawan, who promised unrealistic returns. However, the accused, Z"
486,FIR202600486,CASE202600486,2025-05-21,244,11,3,2,9,25,1,3,2025-05-21 02:23:40,2025-05-21 14:39:40,2025-05-21 15:09:40,16.660486,77.17006,"On 21st May 2025 at approximately 2:23 am, Ballari Central Police Station received a complaint from Vasudha Malhotra, the mother of missing child Ishita Ravi, alleging that her daughter went missing after Devansh Sood, a known acquaintance of the family, was seen with Ishita at a local park. The complainant states that she had sent"
487,FIR202600487,CASE202600487,2026-01-13,91,170,4,2,14,40,3,50,2026-01-12 18:33:42,2026-01-13 05:07:42,2026-01-13 06:46:42,18.122749,78.265356,"On 12th January 2026 at approximately 6:33 PM, a traffic crime was reported at Vijayanagara East Police Station, Vijayanagara district. The complainant Shravya Bir reported that the accused Gopal Mangat, Azad Divan, and Om Sinha were driving under the influence of alcohol, causing an accident involving Vincent Rege and Hemang"
488,FIR202600488,CASE202600488,2025-08-21,179,151,2,1,5,14,2,43,2025-08-20 16:20:14,2025-08-21 03:24:14,2025-08-21 03:52:14,16.742054,77.544757,"On 20th August 2025 at approximately 4:20 pm, Shivamogga Central Police Station received a complaint from Arin Balan regarding the murder of Chanakya Bhattacharya and Pallavi Gill, who were killed by contract killing. The accused, Matthew Kata and Karan Guha, are believed to have hired a hitman to carry out the crime. Further investigation"
489,FIR202600489,CASE202600489,2025-10-01,117,137,1,1,7,20,5,41,2025-09-30 20:02:02,2025-10-01 01:10:02,2025-10-01 01:35:02,14.181738,78.547968,"On 30th September 2025 at approximately 8:20 pm, Anirudh Bora, the complainant, reported to Raichur Town Police Station that Ekanta Raj, a resident of Raichur, was kidnapped by Hemangini Sen. The accused had taken Ekanta away in a white Tata Safari vehicle with registration number KA-01-AB-345"
490,FIR202600490,CASE202600490,2024-12-29,479,135,4,2,12,34,1,39,2024-12-29 02:19:44,2024-12-29 06:18:44,2024-12-29 07:04:44,15.864321,77.662157,"On December 29, 2024 at approximately 2:19 AM, a complaint was filed at Mandi Police Station in Mysuru district by Gopal Chadha regarding an incident of property damage and arson committed by Abdul Karpe against Ekansh Mital. According to the complainant, Abdul Karpe had intentionally set fire to the victim's residential premises,"
491,FIR202600491,CASE202600491,2024-12-28,63,45,3,1,8,24,5,14,2024-12-28 07:00:47,2024-12-28 13:04:47,2024-12-28 14:49:47,15.601476,77.766599,"On 28th December 2024 at around 7:00:47 AM, Ekapad Bhavsar, a resident of KR Puram Police Station in Bengaluru Urban district, lodged a complaint against Nisha Krish, Arin Datta, and Wazir Tandon for manufacturing and distributing drugs. According to the complainant, the accused were found"
492,FIR202600492,CASE202600492,2025-06-02,272,97,1,1,13,39,2,28,2025-06-02 05:08:46,2025-06-02 12:42:46,2025-06-02 13:55:46,17.386409,77.562543,"On 2nd June 2025 at approximately 05:08:46, a complaint was filed by Omkaar Sama at Haveri Town Police Station, Haveri district, regarding an organized crime incident involving smuggling. The victim, Yash Manda, reported that he was attacked and robbed of his valuables by Dhruv Chad and Qushi Ch"
493,FIR202600493,CASE202600493,2024-08-13,47,10,2,2,11,32,3,3,2024-08-13 02:45:46,2024-08-13 09:03:46,2024-08-13 09:35:46,16.643512,77.15811,"On 13th August 2024 at approximately 2:45 am, a tax fraud case was reported at Ballari South Police Station in Ballari district. The complainant, Dhruv Madan, alleged that Abeer Om and Arya Buch were cheated by Gavin Gade and Manan Mittal of Rs 10 lakh under the pretext of invest"
494,FIR202600494,CASE202600494,2025-03-22,234,37,1,1,2,6,3,9,2025-03-22 09:04:13,2025-03-22 17:19:13,2025-03-22 19:19:13,15.624877,77.765388,"On 22nd March 2025 at approximately 9:04 am, a chain snatching incident occurred at Indiranagar Police Station in Bengaluru Urban District. The complainant, Adya Subramaniam, reported that her gold chain was stolen by two accused, Bimala Munshi and Odika Garde, who attacked her from behind and snatched the chain. The"
495,FIR202600495,CASE202600495,2025-11-24,117,137,1,2,11,32,4,41,2025-11-24 12:16:30,2025-11-24 14:40:30,2025-11-24 15:17:30,14.174416,78.549111,"On 24th November 2025 at around 12:16 pm, Chakradhar Anne, a resident of Raichur Town, lodged a complaint at Raichur Town Police Station regarding tax fraud committed by Devika Bora and Anvi Sankar. The complainant alleged that the accused had fraudulently filed false tax returns and misappropriated government funds meant"
496,FIR202600496,CASE202600496,2025-05-10,31,1,3,2,9,27,4,1,2025-05-10 12:07:46,2025-05-10 20:09:46,2025-05-10 20:51:46,15.993602,74.155849,"On May 10th, at approximately 12:07 PM, a missing person report was filed at the Bagalkote Town Police Station by Wriddhish Das on behalf of Vincent Shetty, who went missing under suspicious circumstances. The accused, Farhan Bhatt and Aarna Chawla, are believed to have played a role in Vincent's disappearance. An investigation is currently underway"
497,FIR202600497,CASE202600497,2024-11-19,82,4,1,2,3,9,5,1,2024-11-19 02:45:14,2024-11-19 04:25:14,2024-11-19 04:38:14,15.983848,74.143585,"On 19th November 2024 at approximately 2:45 am, a cybercrime was reported at Bagalkote North Police Station in Bagalkote district. The complainant, Avi Pal, reported that his friend Champak Babu and colleague Fariq Sura had their identities stolen by Vaishnavi Vohra, Baljiwan Hans, and Faraj Ray."
498,FIR202600498,CASE202600498,2025-06-25,429,12,4,2,14,40,2,2,2025-06-24 22:45:57,2025-06-25 08:38:57,2025-06-25 10:12:57,16.689177,77.143211,"On 24th June 2025 at approximately 10:45 PM, a traffic crime was reported at Ballari Market Police Station in Ballari district. The complainant, Mr. Zaid Bandi, reported that the accused, Sathvik Garg and Harsh Kala, were driving under the influence of alcohol, causing an accident involving another vehicle, whose driver, Ms. Nimrat"
499,FIR202600499,CASE202600499,2024-10-23,184,145,2,2,1,2,3,42,2024-10-23 03:45:29,2024-10-23 04:50:29,2024-10-23 05:04:29,17.51391,73.999636,"On 23rd October 2024 at around 3:45 am, Zinal Ben, the complainant, lodged a complaint at Ramanagara North Police Station in Ramanagara district regarding theft of their house located at Chaitaly Wadhwa, Vyanjana Mand. The accused, Garima Tiwari and Sanya Chandran, broke into the house by"
500,FIR202600500,CASE202600500,2025-10-14,337,26,1,1,10,28,3,8,2025-10-14 12:38:54,2025-10-14 20:02:54,2025-10-14 21:04:54,15.427162,77.250131,"On 14th October 2025 at approximately 12:38 PM, Unnati Venkataraman, the complainant, lodged a complaint at Bengaluru Rural North Police Station regarding dowry harassment against her husband Elijah Mahajan and his family members including Neha Lal. The accused, Qushi Saini and Ekantika Naik, have"
