EmployeeID,EmployeeCode,BadgeNumber,FirstName,LastName,FullName,Gender,DOB,BloodGroup,MobileNumber,Email,Rank,Designation,DistrictID,DistrictName,PoliceStationID,PoliceStationName,JoiningDate,YearsOfService,Specialization,Shift,Salary,Status
1,KSPEMP000001,KSP-126225,Aryan,Maharaj,Aryan Maharaj,Male,1979-08-21,AB+,9882768040,aryan.maharaj323@ksp.gov.in,DGP,Director General of Police,3,Belagavi,20,Fort Police Station,2000-08-07,26,Law & Order,Rotational,41956,Active
2,KSPEMP000002,KSP-331148,Gagan,Sami,Gagan Sami,Female,1972-08-09,O-,9912871422,gagan.sami881@ksp.gov.in,ADGP,Additional Director General,26,Tumakuru,158,Tumakuru Market Police Station,1999-04-10,27,Law & Order,Day,134595,Active
3,KSPEMP000003,KSP-733052,Yashasvi,Bala,Yashasvi Bala,Female,1990-01-28,AB+,9980419026,yashasvi.bala982@ksp.gov.in,ADGP,Additional Director General,5,Bengaluru Urban,28,Cubbon Park Police Station,2017-04-27,9,Law & Order,Day,53233,Active
4,KSPEMP000004,KSP-910620,Thomas,Sen,Thomas Sen,Male,1991-01-01,AB+,9878834813,thomas.sen786@ksp.gov.in,ADGP,Additional Director General,1,Bagalkote,4,Bagalkote North Police Station,2020-01-11,6,Law & Order,Rotational,53717,Active
5,KSPEMP000005,KSP-660086,Nathaniel,Sami,Nathaniel Sami,Male,1982-10-14,B-,9884296237,nathaniel.sami157@ksp.gov.in,IGP,Inspector General,2,Ballari,11,Ballari Central Police Station,2001-01-23,25,Law & Order,Day,117694,Active
6,KSPEMP000006,KSP-321231,Harsh,Chanda,Harsh Chanda,Male,1984-02-04,AB-,9886394225,harsh.chanda369@ksp.gov.in,IGP,Inspector General,17,Kalaburagi,106,Kalaburagi Central Police Station,2006-12-19,20,Traffic,Night,139700,Active
7,KSPEMP000007,KSP-634277,Aishani,Bassi,Aishani Bassi,Male,1995-08-21,O-,9877811653,aishani.bassi710@ksp.gov.in,IGP,Inspector General,2,Ballari,6,Ballari Town Police Station,2012-02-08,14,Intelligence,Rotational,100906,On Leave
8,KSPEMP000008,KSP-813328,Farhan,Memon,Farhan Memon,Male,1998-12-04,A-,9968773210,farhan.memon839@ksp.gov.in,IGP,Inspector General,22,Mysuru,136,Udayagiri Police Station,2014-06-29,12,Women & Child,Night,166225,Active
9,KSPEMP000009,KSP-755674,Rehaan,Boase,Rehaan Boase,Male,1973-01-25,AB+,9986617575,rehaan.boase100@ksp.gov.in,IGP,Inspector General,5,Bengaluru Urban,43,Mahadevapura Police Station,2003-03-01,23,Crime Investigation,Night,40105,Active
10,KSPEMP000010,KSP-972064,Fariq,Kaul,Fariq Kaul,Female,2000-02-24,AB+,9880890407,fariq.kaul884@ksp.gov.in,IGP,Inspector General,21,Mandya,123,Mandya North Police Station,2007-07-31,19,Law & Order,Rotational,159592,Transferred
11,KSPEMP000011,KSP-377932,Janya,Gaba,Janya Gaba,Male,1983-10-09,O+,9889767363,janya.gaba629@ksp.gov.in,IGP,Inspector General,26,Tumakuru,159,Tumakuru Rural Police Station,2002-08-19,24,Crime Investigation,Day,93903,Active
12,KSPEMP000012,KSP-716886,Ekbal,Garg,Ekbal Garg,Male,1989-03-07,B-,9912062980,ekbal.garg343@ksp.gov.in,IGP,Inspector General,23,Raichur,138,Raichur East Police Station,2003-08-28,23,Law & Order,Night,91160,Active
13,KSPEMP000013,KSP-354801,Ladli,Madan,Ladli Madan,Female,2004-03-17,O-,9984063480,ladli.madan769@ksp.gov.in,DIG,Deputy Inspector General,22,Mysuru,136,Udayagiri Police Station,2015-02-11,11,Intelligence,Day,50889,Active
14,KSPEMP000014,KSP-939482,Ekta,Bhalla,Ekta Bhalla,Female,1979-02-11,A-,9881511480,ekta.bhalla927@ksp.gov.in,DIG,Deputy Inspector General,9,Chikkamagaluru,64,Chikkamagaluru West Police Station,1997-06-27,29,Women & Child,Rotational,60666,Active
15,KSPEMP000015,KSP-197793,Nandini,Loyal,Nandini Loyal,Male,1973-09-27,B-,9884489103,nandini.loyal902@ksp.gov.in,DIG,Deputy Inspector General,23,Raichur,141,Raichur South Police Station,2023-01-13,3,Traffic,Night,145888,Active
16,KSPEMP000016,KSP-262316,Simon,Tata,Simon Tata,Female,1984-08-11,B-,9892070304,simon.tata973@ksp.gov.in,DIG,Deputy Inspector General,5,Bengaluru Urban,27,Ashok Nagar Police Station,2023-01-28,3,Crime Investigation,Day,168124,Active
17,KSPEMP000017,KSP-171849,Luke,Lanka,Luke Lanka,Male,1976-02-29,A-,9968495500,luke.lanka773@ksp.gov.in,DIG,Deputy Inspector General,25,Shivamogga,148,Shivamogga West Police Station,2018-02-27,8,Crime Investigation,Rotational,117934,Transferred
18,KSPEMP000018,KSP-802258,Priya,Rastogi,Priya Rastogi,Male,1983-07-03,AB-,9882164990,priya.rastogi736@ksp.gov.in,DIG,Deputy Inspector General,15,Hassan,95,Hassan North Police Station,2025-06-23,1,Intelligence,Day,54204,Active
19,KSPEMP000019,KSP-238890,Yashodhara,Tak,Yashodhara Tak,Female,1974-07-22,AB-,9878318769,yashodhara.tak769@ksp.gov.in,DIG,Deputy Inspector General,26,Tumakuru,159,Tumakuru Rural Police Station,1997-12-03,29,Crime Investigation,Rotational,113480,Transferred
20,KSPEMP000020,KSP-240814,Michael,Dutta,Michael Dutta,Male,1997-09-10,AB+,9878712236,michael.dutta973@ksp.gov.in,DIG,Deputy Inspector General,6,Bidar,50,Bidar East Police Station,2008-10-18,18,Law & Order,Night,100829,Transferred
21,KSPEMP000021,KSP-196781,Lekha,Raj,Lekha Raj,Male,1991-03-22,O+,9982076275,lekha.raj537@ksp.gov.in,DIG,Deputy Inspector General,27,Udupi,161,Udupi East Police Station,2010-02-16,16,Crime Investigation,Day,54724,Transferred
22,KSPEMP000022,KSP-672092,Advay,Contractor,Advay Contractor,Male,1994-01-19,A+,9983540399,advay.contractor140@ksp.gov.in,DIG,Deputy Inspector General,14,Gadag,91,Gadag North Police Station,2012-02-16,14,Women & Child,Day,100412,Active
23,KSPEMP000023,KSP-918011,Harini,Choudhury,Harini Choudhury,Female,1981-03-29,O+,9917921714,harini.choudhury283@ksp.gov.in,DIG,Deputy Inspector General,13,Dharwad,83,Dharwad East Police Station,2001-02-21,25,Traffic,Night,142928,Active
24,KSPEMP000024,KSP-379766,Adya,Tella,Adya Tella,Male,1996-09-12,B+,9987304193,adya.tella940@ksp.gov.in,DIG,Deputy Inspector General,28,Uttara Kannada,168,Uttara Kannada North Police Station,2011-04-12,15,Traffic,Day,93438,Active
25,KSPEMP000025,KSP-517821,Chanchal,Tripathi,Chanchal Tripathi,Male,1991-08-26,AB-,9898926395,chanchal.tripathi128@ksp.gov.in,SP,Superintendent of Police,25,Shivamogga,150,Shivamogga South Police Station,2000-12-26,26,Law & Order,Night,81810,Active
26,KSPEMP000026,KSP-140115,Aadi,Naik,Aadi Naik,Female,1987-09-06,A-,9914736535,aadi.naik360@ksp.gov.in,SP,Superintendent of Police,5,Bengaluru Urban,41,BTM Layout Police Station,1999-10-19,27,Law & Order,Night,35443,Active
27,KSPEMP000027,KSP-481913,Damyanti,Khatri,Damyanti Khatri,Male,1973-06-20,O+,9879966195,damyanti.khatri782@ksp.gov.in,SP,Superintendent of Police,2,Ballari,6,Ballari Town Police Station,2022-01-06,4,Crime Investigation,Night,112504,Active
28,KSPEMP000028,KSP-540869,Frederick,Sunder,Frederick Sunder,Male,1998-06-26,O+,9967154832,frederick.sunder904@ksp.gov.in,SP,Superintendent of Police,5,Bengaluru Urban,35,Yelahanka Police Station,2024-11-30,2,Crime Investigation,Rotational,119475,Active
29,KSPEMP000029,KSP-808446,Kabir,Soman,Kabir Soman,Female,2002-10-20,B-,9914971056,kabir.soman443@ksp.gov.in,SP,Superintendent of Police,30,Vijayapura,173,Vijayapura Town Police Station,2001-05-06,25,Law & Order,Day,116374,Active
30,KSPEMP000030,KSP-254511,Siddharth,Zacharia,Siddharth Zacharia,Male,1996-06-24,A+,9872480461,siddharth.zacharia813@ksp.gov.in,SP,Superintendent of Police,23,Raichur,139,Raichur West Police Station,2016-07-24,10,Law & Order,Night,98959,Active
31,KSPEMP000031,KSP-887443,Mohini,Prakash,Mohini Prakash,Male,1986-01-05,A-,9984195028,mohini.prakash567@ksp.gov.in,SP,Superintendent of Police,1,Bagalkote,1,Bagalkote Town Police Station,2011-07-26,15,Law & Order,Night,174233,On Leave
32,KSPEMP000032,KSP-891937,Yug,Kar,Yug Kar,Female,1973-09-01,O-,9918849418,yug.kar560@ksp.gov.in,SP,Superintendent of Police,19,Kolar,112,Kolar Town Police Station,1997-03-01,29,Law & Order,Day,107695,Active
33,KSPEMP000033,KSP-757193,Thomas,Amble,Thomas Amble,Female,1973-11-24,B-,9894723801,thomas.amble492@ksp.gov.in,SP,Superintendent of Police,21,Mandya,123,Mandya North Police Station,2014-11-09,12,Cyber Crime,Rotational,91086,Active
34,KSPEMP000034,KSP-446954,Ekansh,Balay,Ekansh Balay,Female,1999-12-04,O-,9900837908,ekansh.balay689@ksp.gov.in,SP,Superintendent of Police,29,Vijayanagara,170,Vijayanagara East Police Station,1998-08-11,28,Law & Order,Day,127211,Active
35,KSPEMP000035,KSP-994905,Arya,Sunder,Arya Sunder,Female,1978-08-17,O+,9917562240,arya.sunder444@ksp.gov.in,SP,Superintendent of Police,8,Chikkaballapur,59,Chikkaballapur East Police Station,2000-05-23,26,Cyber Crime,Night,78265,Active
36,KSPEMP000036,KSP-752483,Xavier,Solanki,Xavier Solanki,Male,1998-03-15,A+,9905604812,xavier.solanki435@ksp.gov.in,SP,Superintendent of Police,22,Mysuru,125,Vijayanagar Police Station,2002-01-28,24,Law & Order,Night,123473,Active
37,KSPEMP000037,KSP-391773,Raagini,Pandya,Raagini Pandya,Female,1985-07-14,O+,9898470920,raagini.pandya767@ksp.gov.in,SP,Superintendent of Police,12,Davanagere,80,Davanagere West Police Station,2010-02-05,16,Law & Order,Day,99823,Active
38,KSPEMP000038,KSP-751517,Guneet,Bhat,Guneet Bhat,Male,1984-11-03,B+,9881652671,guneet.bhat721@ksp.gov.in,SP,Superintendent of Police,8,Chikkaballapur,59,Chikkaballapur East Police Station,2006-05-24,20,Intelligence,Rotational,65024,Active
39,KSPEMP000039,KSP-426147,Yuvraj,Handa,Yuvraj Handa,Male,1977-10-31,A-,9910369370,yuvraj.handa807@ksp.gov.in,SP,Superintendent of Police,26,Tumakuru,158,Tumakuru Market Police Station,2009-07-25,17,Women & Child,Day,61712,Active
40,KSPEMP000040,KSP-991597,Qadim,Mallick,Qadim Mallick,Female,1986-10-28,A-,9989734353,qadim.mallick969@ksp.gov.in,SP,Superintendent of Police,22,Mysuru,128,Alanahalli Police Station,2021-11-30,5,Crime Investigation,Night,62666,Active
41,KSPEMP000041,KSP-766459,Saanvi,Chaudhari,Saanvi Chaudhari,Female,1973-03-23,O-,9961156697,saanvi.chaudhari576@ksp.gov.in,SP,Superintendent of Police,17,Kalaburagi,104,Kalaburagi North Police Station,2025-07-14,1,Crime Investigation,Rotational,105358,Active
42,KSPEMP000042,KSP-971084,Girik,Khalsa,Girik Khalsa,Male,1977-01-16,A-,9898246308,girik.khalsa286@ksp.gov.in,SP,Superintendent of Police,28,Uttara Kannada,165,Uttara Kannada Town Police Station,2010-08-21,16,Crime Investigation,Night,102725,Active
43,KSPEMP000043,KSP-682789,Nandini,Bhargava,Nandini Bhargava,Female,1976-12-27,A+,9919074766,nandini.bhargava602@ksp.gov.in,SP,Superintendent of Police,5,Bengaluru Urban,42,Koramangala Police Station,1996-08-13,30,Crime Investigation,Day,59393,Active
44,KSPEMP000044,KSP-825391,Alka,Sha,Alka Sha,Female,1980-12-20,B-,9896353953,alka.sha564@ksp.gov.in,SP,Superintendent of Police,25,Shivamogga,149,Shivamogga North Police Station,2016-10-03,10,Law & Order,Night,95434,Active
45,KSPEMP000045,KSP-430876,Mohammed,Gupta,Mohammed Gupta,Male,1981-05-07,A-,9965712479,mohammed.gupta637@ksp.gov.in,Additional SP,Additional Superintendent,29,Vijayanagara,169,Vijayanagara Town Police Station,2024-08-24,2,Crime Investigation,Day,85886,Active
46,KSPEMP000046,KSP-288158,Dipta,Bhandari,Dipta Bhandari,Female,1973-03-18,AB+,9877100296,dipta.bhandari870@ksp.gov.in,Additional SP,Additional Superintendent,2,Ballari,8,Ballari West Police Station,2010-05-20,16,Crime Investigation,Day,109537,Active
47,KSPEMP000047,KSP-457256,Dakshesh,Trivedi,Dakshesh Trivedi,Female,1974-03-14,B+,9872810456,dakshesh.trivedi255@ksp.gov.in,Additional SP,Additional Superintendent,2,Ballari,10,Ballari South Police Station,2001-12-11,25,Law & Order,Rotational,114648,Active
48,KSPEMP000048,KSP-224205,Wahab,Raval,Wahab Raval,Male,1975-07-06,O+,9915673925,wahab.raval539@ksp.gov.in,Additional SP,Additional Superintendent,12,Davanagere,80,Davanagere West Police Station,2022-05-16,4,Law & Order,Rotational,50789,Active
49,KSPEMP000049,KSP-899787,Balveer,Bumb,Balveer Bumb,Male,1985-05-22,B-,9962611004,balveer.bumb708@ksp.gov.in,Additional SP,Additional Superintendent,5,Bengaluru Urban,41,BTM Layout Police Station,2013-06-25,13,Crime Investigation,Day,95680,Active
50,KSPEMP000050,KSP-837135,Advika,Jayaraman,Advika Jayaraman,Female,1993-08-28,O-,9876976694,advika.jayaraman657@ksp.gov.in,Additional SP,Additional Superintendent,6,Bidar,51,Bidar West Police Station,2005-08-31,21,Law & Order,Day,104633,Active
51,KSPEMP000051,KSP-162535,Meghana,Deep,Meghana Deep,Male,1993-09-20,B+,9983752166,meghana.deep378@ksp.gov.in,Additional SP,Additional Superintendent,22,Mysuru,125,Vijayanagar Police Station,2005-04-03,21,Crime Investigation,Night,149755,Active
52,KSPEMP000052,KSP-553014,Elijah,Andra,Elijah Andra,Male,1986-09-05,AB-,9912098599,elijah.andra788@ksp.gov.in,Additional SP,Additional Superintendent,11,Dakshina Kannada,76,Dakshina Kannada Market Police Station,2025-07-05,1,Women & Child,Rotational,45546,Active
53,KSPEMP000053,KSP-593355,Ethan,Yogi,Ethan Yogi,Male,1978-08-04,O-,9891564033,ethan.yogi786@ksp.gov.in,Additional SP,Additional Superintendent,6,Bidar,49,Bidar Town Police Station,2004-03-31,22,Law & Order,Day,121456,Active
54,KSPEMP000054,KSP-402218,Ekapad,Konda,Ekapad Konda,Female,1983-10-01,O+,9987002178,ekapad.konda944@ksp.gov.in,Additional SP,Additional Superintendent,2,Ballari,7,Ballari East Police Station,2001-02-16,25,Intelligence,Rotational,177237,Active
55,KSPEMP000055,KSP-296694,Abhiram,Mistry,Abhiram Mistry,Male,2002-04-21,AB-,9917672594,abhiram.mistry815@ksp.gov.in,Additional SP,Additional Superintendent,1,Bagalkote,5,Bagalkote South Police Station,1999-07-24,27,Crime Investigation,Day,97730,Active
56,KSPEMP000056,KSP-677596,Aishani,D’Alia,Aishani D’Alia,Female,2000-11-30,A+,9914281961,aishani.d’alia833@ksp.gov.in,Additional SP,Additional Superintendent,3,Belagavi,16,Shahapur Police Station,2018-01-31,8,Law & Order,Rotational,106676,Active
57,KSPEMP000057,KSP-595158,Anita,Manda,Anita Manda,Female,1991-07-08,B-,9905395882,anita.manda908@ksp.gov.in,Additional SP,Additional Superintendent,3,Belagavi,14,Tilakwadi Police Station,2017-05-13,9,Women & Child,Night,168100,Active
58,KSPEMP000058,KSP-396578,Aishani,Tiwari,Aishani Tiwari,Male,1987-09-05,AB+,9985941535,aishani.tiwari656@ksp.gov.in,Additional SP,Additional Superintendent,5,Bengaluru Urban,48,Bellandur Police Station,2022-10-23,4,Law & Order,Night,84454,On Leave
59,KSPEMP000059,KSP-699573,George,Sampath,George Sampath,Male,1998-12-04,O+,9888434939,george.sampath911@ksp.gov.in,Additional SP,Additional Superintendent,19,Kolar,114,Kolar West Police Station,1997-10-31,29,Women & Child,Day,164847,Transferred
60,KSPEMP000060,KSP-626690,Kalpit,Lala,Kalpit Lala,Male,1976-11-20,AB-,9981809018,kalpit.lala258@ksp.gov.in,Additional SP,Additional Superintendent,26,Tumakuru,156,Tumakuru South Police Station,2009-05-14,17,Law & Order,Night,123751,Active
61,KSPEMP000061,KSP-781403,Aditya,Choudhury,Aditya Choudhury,Female,1974-01-14,A-,9983659684,aditya.choudhury654@ksp.gov.in,Additional SP,Additional Superintendent,21,Mandya,120,Mandya Town Police Station,2022-03-01,4,Law & Order,Day,96543,Active
62,KSPEMP000062,KSP-338536,Balendra,Pingle,Balendra Pingle,Female,1990-10-11,A-,9909771120,balendra.pingle432@ksp.gov.in,Additional SP,Additional Superintendent,5,Bengaluru Urban,46,Varthur Police Station,2000-11-06,26,Traffic,Night,128969,Active
63,KSPEMP000063,KSP-356059,Benjamin,Morar,Benjamin Morar,Male,1983-08-04,O+,9916116364,benjamin.morar697@ksp.gov.in,Additional SP,Additional Superintendent,5,Bengaluru Urban,45,KR Puram Police Station,2023-08-13,3,Law & Order,Night,101578,Active
64,KSPEMP000064,KSP-943718,Ishita,Kade,Ishita Kade,Male,1994-01-23,O-,9896143564,ishita.kade356@ksp.gov.in,Additional SP,Additional Superintendent,11,Dakshina Kannada,72,Dakshina Kannada West Police Station,2015-11-24,11,Crime Investigation,Night,87223,On Leave
65,KSPEMP000065,KSP-211834,Niharika,Dubey,Niharika Dubey,Female,2002-02-08,B-,9905592962,niharika.dubey679@ksp.gov.in,Additional SP,Additional Superintendent,11,Dakshina Kannada,75,Dakshina Kannada Central Police Station,2003-06-03,23,Women & Child,Rotational,47856,Transferred
66,KSPEMP000066,KSP-973294,Peter,Sachar,Peter Sachar,Female,1972-05-16,AB+,9987636667,peter.sachar775@ksp.gov.in,Additional SP,Additional Superintendent,8,Chikkaballapur,59,Chikkaballapur East Police Station,2017-11-30,9,Cyber Crime,Day,60470,Transferred
67,KSPEMP000067,KSP-423939,Nisha,Kothari,Nisha Kothari,Male,1980-05-11,O-,9875702711,nisha.kothari652@ksp.gov.in,Additional SP,Additional Superintendent,9,Chikkamagaluru,63,Chikkamagaluru East Police Station,2019-05-22,7,Women & Child,Night,174159,Active
68,KSPEMP000068,KSP-970813,Lavanya,Barad,Lavanya Barad,Female,1999-11-21,B+,9899992884,lavanya.barad177@ksp.gov.in,Additional SP,Additional Superintendent,5,Bengaluru Urban,43,Mahadevapura Police Station,2003-01-03,23,Law & Order,Day,139179,Transferred
69,KSPEMP000069,KSP-194689,Inaya,Mody,Inaya Mody,Female,1998-08-19,O+,9872137236,inaya.mody480@ksp.gov.in,Additional SP,Additional Superintendent,20,Koppal,117,Koppal East Police Station,2021-10-28,5,Law & Order,Day,158594,Active
70,KSPEMP000070,KSP-739717,Arjun,Hans,Arjun Hans,Female,1984-09-14,B-,9960893419,arjun.hans411@ksp.gov.in,DySP,Deputy Superintendent,4,Bengaluru Rural,25,Bengaluru Rural West Police Station,2004-08-19,22,Intelligence,Day,60478,Active
71,KSPEMP000071,KSP-507524,Arya,Panchal,Arya Panchal,Male,1992-09-21,O-,9896794714,arya.panchal201@ksp.gov.in,DySP,Deputy Superintendent,5,Bengaluru Urban,38,Rajajinagar Police Station,2008-02-23,18,Women & Child,Rotational,141985,Transferred
72,KSPEMP000072,KSP-134305,Ayaan,D’Alia,Ayaan D’Alia,Female,2000-06-30,AB-,9884980659,ayaan.d’alia467@ksp.gov.in,DySP,Deputy Superintendent,5,Bengaluru Urban,31,Jayanagar Police Station,2004-02-17,22,Law & Order,Night,84757,Transferred
73,KSPEMP000073,KSP-196126,Balvan,Chopra,Balvan Chopra,Female,1991-03-30,B-,9966903972,balvan.chopra949@ksp.gov.in,DySP,Deputy Superintendent,26,Tumakuru,154,Tumakuru West Police Station,2006-07-31,20,Traffic,Day,91610,Active
74,KSPEMP000074,KSP-444519,Rajata,Vaidya,Rajata Vaidya,Male,1975-05-16,B+,9989081121,rajata.vaidya776@ksp.gov.in,DySP,Deputy Superintendent,21,Mandya,124,Mandya South Police Station,2022-08-22,4,Women & Child,Day,38895,Active
75,KSPEMP000075,KSP-717457,Aachal,Basu,Aachal Basu,Male,1994-12-11,AB-,9871075747,aachal.basu625@ksp.gov.in,DySP,Deputy Superintendent,4,Bengaluru Rural,24,Bengaluru Rural East Police Station,1996-08-08,30,Crime Investigation,Night,167078,Active
76,KSPEMP000076,KSP-862569,Januja,Sankar,Januja Sankar,Male,1973-11-12,AB+,9906098417,januja.sankar554@ksp.gov.in,DySP,Deputy Superintendent,26,Tumakuru,154,Tumakuru West Police Station,2015-10-26,11,Law & Order,Day,119439,Active
77,KSPEMP000077,KSP-232321,Dipta,Dash,Dipta Dash,Male,1995-04-23,AB+,9916539546,dipta.dash201@ksp.gov.in,DySP,Deputy Superintendent,4,Bengaluru Rural,25,Bengaluru Rural West Police Station,2005-04-07,21,Traffic,Day,179529,Active
78,KSPEMP000078,KSP-550961,Nilima,Narain,Nilima Narain,Male,1984-11-01,O-,9884837332,nilima.narain256@ksp.gov.in,DySP,Deputy Superintendent,14,Gadag,91,Gadag North Police Station,2005-02-16,21,Cyber Crime,Night,52598,Active
79,KSPEMP000079,KSP-197758,Rehaan,Salvi,Rehaan Salvi,Male,1993-07-01,O+,9877310956,rehaan.salvi520@ksp.gov.in,DySP,Deputy Superintendent,21,Mandya,121,Mandya East Police Station,2007-07-20,19,Law & Order,Rotational,145870,Active
80,KSPEMP000080,KSP-401601,Charvi,Ravi,Charvi Ravi,Male,1989-08-21,AB+,9891514835,charvi.ravi217@ksp.gov.in,DySP,Deputy Superintendent,2,Ballari,8,Ballari West Police Station,1996-07-26,30,Traffic,Rotational,94286,Active
81,KSPEMP000081,KSP-738577,Shivansh,Sani,Shivansh Sani,Male,1997-06-26,AB+,9871733085,shivansh.sani510@ksp.gov.in,DySP,Deputy Superintendent,5,Bengaluru Urban,47,Hennur Police Station,2014-02-23,12,Law & Order,Rotational,43036,Active
82,KSPEMP000082,KSP-494468,Udyati,Sathe,Udyati Sathe,Male,1986-02-23,O+,9903377500,udyati.sathe261@ksp.gov.in,DySP,Deputy Superintendent,1,Bagalkote,4,Bagalkote North Police Station,2002-10-02,24,Traffic,Day,56386,Active
83,KSPEMP000083,KSP-609253,Omkaar,Chad,Omkaar Chad,Female,1980-12-02,O-,9902714264,omkaar.chad783@ksp.gov.in,DySP,Deputy Superintendent,5,Bengaluru Urban,27,Ashok Nagar Police Station,2015-10-22,11,Law & Order,Day,138615,On Leave
84,KSPEMP000084,KSP-108060,Girik,Keer,Girik Keer,Male,1993-10-04,B-,9899772144,girik.keer232@ksp.gov.in,DySP,Deputy Superintendent,6,Bidar,53,Bidar South Police Station,2003-01-26,23,Law & Order,Rotational,95322,Active
85,KSPEMP000085,KSP-175576,Manan,Bakshi,Manan Bakshi,Female,1973-01-30,O+,9987440344,manan.bakshi755@ksp.gov.in,DySP,Deputy Superintendent,6,Bidar,51,Bidar West Police Station,2025-02-01,1,Crime Investigation,Day,141176,Active
86,KSPEMP000086,KSP-280222,Tamanna,Sachdeva,Tamanna Sachdeva,Female,2000-10-18,O-,9986341440,tamanna.sachdeva991@ksp.gov.in,DySP,Deputy Superintendent,12,Davanagere,81,Davanagere North Police Station,2013-04-01,13,Law & Order,Night,93083,Active
87,KSPEMP000087,KSP-180089,Warda,Ratta,Warda Ratta,Male,1979-08-10,A-,9915937882,warda.ratta249@ksp.gov.in,DySP,Deputy Superintendent,12,Davanagere,81,Davanagere North Police Station,2015-07-31,11,Law & Order,Day,75073,Active
88,KSPEMP000088,KSP-285751,Hredhaan,Sandal,Hredhaan Sandal,Male,1978-10-11,O-,9907749566,hredhaan.sandal984@ksp.gov.in,DySP,Deputy Superintendent,5,Bengaluru Urban,36,HAL Police Station,2019-11-16,7,Intelligence,Night,74572,Active
89,KSPEMP000089,KSP-563688,Chandresh,Krish,Chandresh Krish,Female,2001-10-31,AB+,9982053408,chandresh.krish178@ksp.gov.in,DySP,Deputy Superintendent,30,Vijayapura,176,Vijayapura North Police Station,2000-01-28,26,Cyber Crime,Day,167924,Active
90,KSPEMP000090,KSP-571579,Ucchal,Wali,Ucchal Wali,Male,2004-02-27,B-,9896594889,ucchal.wali186@ksp.gov.in,DySP,Deputy Superintendent,5,Bengaluru Urban,43,Mahadevapura Police Station,2013-10-28,13,Crime Investigation,Day,45260,Active
91,KSPEMP000091,KSP-560767,Yamini,Sandhu,Yamini Sandhu,Female,1998-12-18,B+,9893243576,yamini.sandhu167@ksp.gov.in,DySP,Deputy Superintendent,29,Vijayanagara,170,Vijayanagara East Police Station,2012-06-11,14,Law & Order,Rotational,136335,Active
92,KSPEMP000092,KSP-449555,Vaishnavi,Sengupta,Vaishnavi Sengupta,Male,1980-02-10,A-,9916936617,vaishnavi.sengupta186@ksp.gov.in,DySP,Deputy Superintendent,19,Kolar,113,Kolar East Police Station,2003-09-22,23,Law & Order,Night,121108,Active
93,KSPEMP000093,KSP-777406,Vedhika,Khare,Vedhika Khare,Male,1980-08-13,O+,9913312942,vedhika.khare240@ksp.gov.in,DySP,Deputy Superintendent,5,Bengaluru Urban,28,Cubbon Park Police Station,1998-10-20,28,Law & Order,Night,61513,Active
94,KSPEMP000094,KSP-794083,Wahab,Magar,Wahab Magar,Male,1982-08-21,AB-,9986511669,wahab.magar838@ksp.gov.in,DySP,Deputy Superintendent,17,Kalaburagi,102,Kalaburagi East Police Station,2022-06-14,4,Crime Investigation,Night,130498,Active
95,KSPEMP000095,KSP-565776,Lakshit,Dora,Lakshit Dora,Male,1979-03-10,AB+,9987453848,lakshit.dora476@ksp.gov.in,DySP,Deputy Superintendent,31,Yadgir,178,Yadgir Town Police Station,2016-09-05,10,Cyber Crime,Rotational,150499,Active
96,KSPEMP000096,KSP-915922,Devansh,Sachdeva,Devansh Sachdeva,Female,1985-01-02,O+,9915988126,devansh.sachdeva995@ksp.gov.in,DySP,Deputy Superintendent,5,Bengaluru Urban,46,Varthur Police Station,2012-04-16,14,Law & Order,Day,170242,Active
97,KSPEMP000097,KSP-187949,David,Jhaveri,David Jhaveri,Female,1999-01-15,B+,9894580988,david.jhaveri127@ksp.gov.in,DySP,Deputy Superintendent,3,Belagavi,15,Market Police Station,2007-11-07,19,Crime Investigation,Night,166598,Active
98,KSPEMP000098,KSP-185569,Lajita,Sood,Lajita Sood,Female,1971-10-02,AB-,9880986712,lajita.sood949@ksp.gov.in,DySP,Deputy Superintendent,22,Mysuru,126,Nazarbad Police Station,2006-10-03,20,Crime Investigation,Day,157974,Active
99,KSPEMP000099,KSP-183074,Oni,Yohannan,Oni Yohannan,Male,1996-03-22,A+,9892196472,oni.yohannan224@ksp.gov.in,DySP,Deputy Superintendent,3,Belagavi,13,Camp Police Station,2012-05-23,14,Law & Order,Night,154829,Active
100,KSPEMP000100,KSP-725726,Vinaya,Kanda,Vinaya Kanda,Female,1980-07-24,A+,9965214624,vinaya.kanda780@ksp.gov.in,DySP,Deputy Superintendent,7,Chamarajanagar,56,Chamarajanagar West Police Station,2010-08-21,16,Cyber Crime,Rotational,129530,Active
101,KSPEMP000101,KSP-509420,Gayathri,Ravel,Gayathri Ravel,Male,1995-06-15,O-,9876920737,gayathri.ravel743@ksp.gov.in,DySP,Deputy Superintendent,12,Davanagere,78,Davanagere Town Police Station,2020-12-05,6,Law & Order,Rotational,122167,Active
102,KSPEMP000102,KSP-672536,Avi,Ramesh,Avi Ramesh,Female,1991-02-02,AB-,9986869411,avi.ramesh833@ksp.gov.in,DySP,Deputy Superintendent,30,Vijayapura,176,Vijayapura North Police Station,2015-10-13,11,Traffic,Night,44695,Active
103,KSPEMP000103,KSP-929538,Priya,Deshmukh,Priya Deshmukh,Male,2000-02-29,B-,9873338406,priya.deshmukh392@ksp.gov.in,DySP,Deputy Superintendent,8,Chikkaballapur,60,Chikkaballapur West Police Station,2001-10-28,25,Law & Order,Day,122012,Active
104,KSPEMP000104,KSP-558176,Ladli,Narang,Ladli Narang,Female,1978-07-17,O+,9964931637,ladli.narang373@ksp.gov.in,DySP,Deputy Superintendent,31,Yadgir,179,Yadgir East Police Station,2006-01-12,20,Women & Child,Rotational,146280,Active
105,KSPEMP000105,KSP-671971,Arunima,Sama,Arunima Sama,Male,1979-11-18,AB+,9891324714,arunima.sama557@ksp.gov.in,ACP,Assistant Commissioner,31,Yadgir,181,Yadgir North Police Station,1998-12-06,28,Law & Order,Night,149017,Active
106,KSPEMP000106,KSP-178686,Charles,Palla,Charles Palla,Male,1978-12-15,O+,9895710864,charles.palla229@ksp.gov.in,ACP,Assistant Commissioner,12,Davanagere,80,Davanagere West Police Station,1998-07-18,28,Law & Order,Rotational,131030,Active
107,KSPEMP000107,KSP-734487,Azaan,Kota,Azaan Kota,Male,1978-02-18,B+,9964340133,azaan.kota385@ksp.gov.in,ACP,Assistant Commissioner,7,Chamarajanagar,55,Chamarajanagar East Police Station,1997-02-22,29,Law & Order,Day,41793,Active
108,KSPEMP000108,KSP-642895,William,Date,William Date,Female,1987-03-08,O+,9911772669,william.date304@ksp.gov.in,ACP,Assistant Commissioner,22,Mysuru,128,Alanahalli Police Station,1999-11-15,27,Law & Order,Day,153500,Active
109,KSPEMP000109,KSP-192055,Udyati,Kunda,Udyati Kunda,Female,1996-11-11,AB-,9963058879,udyati.kunda753@ksp.gov.in,ACP,Assistant Commissioner,15,Hassan,94,Hassan West Police Station,2001-06-03,25,Law & Order,Night,168367,Active
110,KSPEMP000110,KSP-930541,Nihal,Mukhopadhyay,Nihal Mukhopadhyay,Male,1975-02-14,B+,9887053856,nihal.mukhopadhyay188@ksp.gov.in,ACP,Assistant Commissioner,11,Dakshina Kannada,72,Dakshina Kannada West Police Station,1997-04-19,29,Law & Order,Night,160479,Active
111,KSPEMP000111,KSP-963333,Keya,Ranganathan,Keya Ranganathan,Female,2002-08-16,A-,9889646387,keya.ranganathan755@ksp.gov.in,ACP,Assistant Commissioner,17,Kalaburagi,104,Kalaburagi North Police Station,2002-04-22,24,Crime Investigation,Day,148408,Active
112,KSPEMP000112,KSP-971776,Harsh,Mitra,Harsh Mitra,Male,1999-08-13,A-,9911137398,harsh.mitra966@ksp.gov.in,ACP,Assistant Commissioner,28,Uttara Kannada,166,Uttara Kannada East Police Station,2013-12-19,13,Law & Order,Day,179399,Active
113,KSPEMP000113,KSP-744274,Benjamin,Palan,Benjamin Palan,Female,1989-02-19,A-,9916551693,benjamin.palan677@ksp.gov.in,ACP,Assistant Commissioner,25,Shivamogga,146,Shivamogga Town Police Station,2015-09-27,11,Law & Order,Day,56292,Active
114,KSPEMP000114,KSP-782759,Yashawini,Om,Yashawini Om,Female,1971-12-22,B-,9985608563,yashawini.om350@ksp.gov.in,ACP,Assistant Commissioner,5,Bengaluru Urban,31,Jayanagar Police Station,2008-09-26,18,Women & Child,Rotational,141454,Active
115,KSPEMP000115,KSP-822063,Hitesh,Sant,Hitesh Sant,Male,2003-04-06,A+,9884426377,hitesh.sant981@ksp.gov.in,ACP,Assistant Commissioner,11,Dakshina Kannada,77,Dakshina Kannada Rural Police Station,2014-12-27,12,Law & Order,Night,69279,Active
116,KSPEMP000116,KSP-434617,Michael,Saran,Michael Saran,Male,1977-05-14,B-,9901410984,michael.saran986@ksp.gov.in,ACP,Assistant Commissioner,5,Bengaluru Urban,44,Kengeri Police Station,2011-09-08,15,Narcotics,Night,116976,Active
117,KSPEMP000117,KSP-622469,Veda,Shroff,Veda Shroff,Male,1985-12-05,O-,9908403425,veda.shroff149@ksp.gov.in,ACP,Assistant Commissioner,23,Raichur,137,Raichur Town Police Station,2017-10-03,9,Law & Order,Night,158361,Active
118,KSPEMP000118,KSP-988324,Ekantika,Korpal,Ekantika Korpal,Male,1998-12-20,A-,9901234005,ekantika.korpal471@ksp.gov.in,ACP,Assistant Commissioner,10,Chitradurga,68,Chitradurga West Police Station,1999-01-25,27,Crime Investigation,Day,136279,Active
119,KSPEMP000119,KSP-965401,Yagnesh,Shetty,Yagnesh Shetty,Female,1990-05-12,A-,9889373971,yagnesh.shetty621@ksp.gov.in,ACP,Assistant Commissioner,5,Bengaluru Urban,31,Jayanagar Police Station,2015-12-07,11,Crime Investigation,Day,46876,Active
120,KSPEMP000120,KSP-943019,Ayush,Talwar,Ayush Talwar,Female,1999-08-21,O-,9914653619,ayush.talwar857@ksp.gov.in,ACP,Assistant Commissioner,5,Bengaluru Urban,40,Banashankari Police Station,2001-10-30,25,Women & Child,Rotational,123178,Active
121,KSPEMP000121,KSP-843167,Isha,Kuruvilla,Isha Kuruvilla,Female,1982-10-15,AB+,9908369577,isha.kuruvilla804@ksp.gov.in,ACP,Assistant Commissioner,22,Mysuru,128,Alanahalli Police Station,2022-01-31,4,Cyber Crime,Rotational,159410,Active
122,KSPEMP000122,KSP-856442,Advaith,Varughese,Advaith Varughese,Male,2002-11-03,A+,9914577382,advaith.varughese686@ksp.gov.in,ACP,Assistant Commissioner,3,Belagavi,19,APMC Police Station,1999-01-14,27,Narcotics,Day,85012,Active
123,KSPEMP000123,KSP-539122,Vrinda,Khosla,Vrinda Khosla,Female,1994-05-06,B+,9906479870,vrinda.khosla241@ksp.gov.in,ACP,Assistant Commissioner,20,Koppal,118,Koppal West Police Station,2015-04-15,11,Crime Investigation,Rotational,120209,On Leave
124,KSPEMP000124,KSP-651002,Sara,Badal,Sara Badal,Female,1974-08-17,O+,9899455686,sara.badal922@ksp.gov.in,ACP,Assistant Commissioner,21,Mandya,120,Mandya Town Police Station,2002-12-25,24,Cyber Crime,Rotational,161924,Active
125,KSPEMP000125,KSP-392559,Damini,Pillay,Damini Pillay,Male,1987-03-05,AB+,9889977644,damini.pillay673@ksp.gov.in,Inspector,Police Inspector,5,Bengaluru Urban,27,Ashok Nagar Police Station,2011-12-14,15,Narcotics,Rotational,106685,Active
126,KSPEMP000126,KSP-513697,Ganga,Pandey,Ganga Pandey,Female,1994-10-01,AB-,9988227342,ganga.pandey590@ksp.gov.in,Inspector,Police Inspector,5,Bengaluru Urban,35,Yelahanka Police Station,2004-05-30,22,Law & Order,Rotational,106075,Transferred
127,KSPEMP000127,KSP-243941,Vihaan,Dara,Vihaan Dara,Female,1995-05-11,A-,9917209221,vihaan.dara438@ksp.gov.in,Inspector,Police Inspector,19,Kolar,113,Kolar East Police Station,2005-09-15,21,Traffic,Day,71036,Active
128,KSPEMP000128,KSP-526673,Rehaan,Kalita,Rehaan Kalita,Male,1995-12-06,O-,9906722076,rehaan.kalita337@ksp.gov.in,Inspector,Police Inspector,16,Haveri,99,Haveri West Police Station,2004-07-28,22,Crime Investigation,Rotational,44777,Transferred
129,KSPEMP000129,KSP-538184,Harish,Hari,Harish Hari,Male,1981-05-01,B+,9879349998,harish.hari109@ksp.gov.in,Inspector,Police Inspector,24,Ramanagara,142,Ramanagara Town Police Station,2007-01-08,19,Law & Order,Rotational,63128,Transferred
130,KSPEMP000130,KSP-398384,Akshay,Walla,Akshay Walla,Female,1975-09-25,O-,9965498411,akshay.walla266@ksp.gov.in,Inspector,Police Inspector,30,Vijayapura,174,Vijayapura East Police Station,1997-11-16,29,Traffic,Rotational,102440,Active
131,KSPEMP000131,KSP-872399,Brinda,Date,Brinda Date,Male,1992-08-09,AB-,9982616644,brinda.date435@ksp.gov.in,Inspector,Police Inspector,2,Ballari,12,Ballari Market Police Station,2018-05-21,8,Law & Order,Rotational,60004,Active
132,KSPEMP000132,KSP-600646,Advik,Mane,Advik Mane,Male,1987-01-17,AB-,9880342355,advik.mane367@ksp.gov.in,Inspector,Police Inspector,4,Bengaluru Rural,24,Bengaluru Rural East Police Station,2009-04-30,17,Cyber Crime,Rotational,96945,Active
133,KSPEMP000133,KSP-588002,Charan,Krishnan,Charan Krishnan,Male,2002-08-11,AB+,9884587319,charan.krishnan402@ksp.gov.in,Inspector,Police Inspector,11,Dakshina Kannada,70,Dakshina Kannada Town Police Station,2010-05-30,16,Law & Order,Day,92443,Transferred
134,KSPEMP000134,KSP-260626,Nandini,Swamy,Nandini Swamy,Female,1973-12-31,O-,9969379788,nandini.swamy880@ksp.gov.in,Inspector,Police Inspector,27,Udupi,164,Udupi South Police Station,2014-10-23,12,Law & Order,Rotational,56461,Active
135,KSPEMP000135,KSP-181896,Max,Dixit,Max Dixit,Female,1998-04-28,A-,9878925184,max.dixit796@ksp.gov.in,Inspector,Police Inspector,9,Chikkamagaluru,64,Chikkamagaluru West Police Station,2024-01-30,2,Law & Order,Rotational,163143,Active
136,KSPEMP000136,KSP-947975,Yuvraj,Dani,Yuvraj Dani,Female,1989-12-21,A+,9901455630,yuvraj.dani360@ksp.gov.in,Inspector,Police Inspector,11,Dakshina Kannada,76,Dakshina Kannada Market Police Station,2008-08-16,18,Women & Child,Rotational,92121,Active
137,KSPEMP000137,KSP-544278,Lajita,Seshadri,Lajita Seshadri,Male,2001-07-15,AB-,9960990904,lajita.seshadri887@ksp.gov.in,Inspector,Police Inspector,9,Chikkamagaluru,63,Chikkamagaluru East Police Station,2005-03-06,21,Law & Order,Rotational,145195,Active
138,KSPEMP000138,KSP-570325,Dalaja,Bhasin,Dalaja Bhasin,Female,1991-09-03,O+,9900981819,dalaja.bhasin502@ksp.gov.in,Inspector,Police Inspector,12,Davanagere,79,Davanagere East Police Station,2018-01-07,8,Crime Investigation,Rotational,93376,Active
139,KSPEMP000139,KSP-412856,Siddharth,Lalla,Siddharth Lalla,Male,1993-05-08,O-,9967432411,siddharth.lalla996@ksp.gov.in,Inspector,Police Inspector,13,Dharwad,86,Dharwad South Police Station,2001-02-09,25,Traffic,Day,43445,Active
140,KSPEMP000140,KSP-744793,Falan,Dugar,Falan Dugar,Female,1971-08-24,A+,9882105707,falan.dugar511@ksp.gov.in,Inspector,Police Inspector,16,Haveri,98,Haveri East Police Station,2009-08-14,17,Crime Investigation,Rotational,91955,Active
141,KSPEMP000141,KSP-246942,Bishakha,Bali,Bishakha Bali,Male,1979-03-12,AB+,9888735633,bishakha.bali246@ksp.gov.in,Inspector,Police Inspector,22,Mysuru,130,Saraswathipuram Police Station,2017-01-21,9,Intelligence,Rotational,92945,Active
142,KSPEMP000142,KSP-163918,Ekavir,Kaur,Ekavir Kaur,Female,2002-01-16,B+,9966503635,ekavir.kaur813@ksp.gov.in,Inspector,Police Inspector,15,Hassan,92,Hassan Town Police Station,2019-05-27,7,Crime Investigation,Day,113613,Active
143,KSPEMP000143,KSP-352673,Pavani,Contractor,Pavani Contractor,Female,1989-07-11,B-,9898140445,pavani.contractor497@ksp.gov.in,Inspector,Police Inspector,30,Vijayapura,176,Vijayapura North Police Station,2015-05-03,11,Law & Order,Day,121576,Active
144,KSPEMP000144,KSP-988283,Lucky,Bora,Lucky Bora,Female,1973-07-10,AB-,9875803600,lucky.bora923@ksp.gov.in,Inspector,Police Inspector,22,Mysuru,132,Hebbal Police Station,2019-07-17,7,Traffic,Rotational,91889,Active
145,KSPEMP000145,KSP-417915,Reva,Dash,Reva Dash,Female,1987-01-09,A+,9889919426,reva.dash309@ksp.gov.in,Inspector,Police Inspector,31,Yadgir,179,Yadgir East Police Station,2005-05-16,21,Law & Order,Day,179724,Active
146,KSPEMP000146,KSP-499152,Anita,Tella,Anita Tella,Female,1989-05-17,O-,9916338487,anita.tella879@ksp.gov.in,Inspector,Police Inspector,22,Mysuru,129,Lashkar Police Station,2009-04-01,17,Women & Child,Day,132178,Active
147,KSPEMP000147,KSP-689849,Rachana,Naidu,Rachana Naidu,Male,1991-06-24,B-,9961295413,rachana.naidu488@ksp.gov.in,Inspector,Police Inspector,22,Mysuru,127,Devaraja Police Station,1997-04-21,29,Crime Investigation,Day,165888,Active
148,KSPEMP000148,KSP-369826,Ansh,Luthra,Ansh Luthra,Female,1990-07-28,O-,9966417174,ansh.luthra655@ksp.gov.in,Inspector,Police Inspector,17,Kalaburagi,104,Kalaburagi North Police Station,2018-09-07,8,Intelligence,Day,172348,Active
149,KSPEMP000149,KSP-957730,Upma,Venkataraman,Upma Venkataraman,Male,1993-01-20,A+,9980160124,upma.venkataraman161@ksp.gov.in,Inspector,Police Inspector,23,Raichur,138,Raichur East Police Station,2023-02-14,3,Cyber Crime,Rotational,161669,Active
150,KSPEMP000150,KSP-106933,Rajata,Swamy,Rajata Swamy,Male,2003-07-15,O+,9870752564,rajata.swamy283@ksp.gov.in,Inspector,Police Inspector,24,Ramanagara,144,Ramanagara West Police Station,2010-03-09,16,Law & Order,Day,172464,Active
151,KSPEMP000151,KSP-749887,Gauri,Nagi,Gauri Nagi,Male,1993-09-02,AB+,9983709426,gauri.nagi407@ksp.gov.in,Inspector,Police Inspector,21,Mandya,123,Mandya North Police Station,2021-06-06,5,Cyber Crime,Day,43305,Active
152,KSPEMP000152,KSP-495490,Nisha,Tandon,Nisha Tandon,Female,1981-01-24,O-,9876708639,nisha.tandon197@ksp.gov.in,Inspector,Police Inspector,26,Tumakuru,158,Tumakuru Market Police Station,2023-12-19,3,Women & Child,Day,95231,Active
153,KSPEMP000153,KSP-384263,Suhani,Chakrabarti,Suhani Chakrabarti,Female,1981-12-07,A+,9876256180,suhani.chakrabarti312@ksp.gov.in,Inspector,Police Inspector,5,Bengaluru Urban,42,Koramangala Police Station,2005-12-06,21,Crime Investigation,Rotational,139410,Transferred
154,KSPEMP000154,KSP-270341,Yoshita,Agarwal,Yoshita Agarwal,Female,1993-04-04,B-,9918383719,yoshita.agarwal841@ksp.gov.in,Inspector,Police Inspector,11,Dakshina Kannada,74,Dakshina Kannada South Police Station,2012-04-16,14,Law & Order,Rotational,125664,Active
155,KSPEMP000155,KSP-343420,Chatura,Guha,Chatura Guha,Female,1988-08-30,A-,9896659367,chatura.guha561@ksp.gov.in,Inspector,Police Inspector,8,Chikkaballapur,60,Chikkaballapur West Police Station,2014-08-11,12,Crime Investigation,Night,179975,Transferred
156,KSPEMP000156,KSP-294760,Riya,Behl,Riya Behl,Female,1978-04-10,O+,9877220237,riya.behl257@ksp.gov.in,Inspector,Police Inspector,6,Bidar,51,Bidar West Police Station,2012-06-25,14,Traffic,Night,129555,Active
157,KSPEMP000157,KSP-423241,Raksha,Sundaram,Raksha Sundaram,Male,1975-07-25,O-,9897104551,raksha.sundaram191@ksp.gov.in,Inspector,Police Inspector,2,Ballari,6,Ballari Town Police Station,2024-10-10,2,Law & Order,Day,120047,Active
158,KSPEMP000158,KSP-406024,Nathan,Mukhopadhyay,Nathan Mukhopadhyay,Male,1989-09-25,O+,9907759256,nathan.mukhopadhyay273@ksp.gov.in,Inspector,Police Inspector,22,Mysuru,126,Nazarbad Police Station,2012-07-27,14,Law & Order,Night,105361,Active
159,KSPEMP000159,KSP-275329,Umang,Comar,Umang Comar,Male,1986-10-13,O+,9894402265,umang.comar300@ksp.gov.in,Inspector,Police Inspector,24,Ramanagara,143,Ramanagara East Police Station,1999-12-18,27,Crime Investigation,Day,114864,Active
160,KSPEMP000160,KSP-448354,Wishi,Manne,Wishi Manne,Female,1988-05-07,O+,9988448653,wishi.manne717@ksp.gov.in,Inspector,Police Inspector,8,Chikkaballapur,61,Chikkaballapur North Police Station,2004-06-26,22,Narcotics,Day,160569,Active
161,KSPEMP000161,KSP-434640,Urmi,Kohli,Urmi Kohli,Female,1986-08-18,AB+,9966452383,urmi.kohli216@ksp.gov.in,Inspector,Police Inspector,6,Bidar,52,Bidar North Police Station,2000-10-01,26,Narcotics,Day,178033,Active
162,KSPEMP000162,KSP-862538,Yashoda,Deshpande,Yashoda Deshpande,Male,2000-01-26,O-,9962780876,yashoda.deshpande242@ksp.gov.in,Inspector,Police Inspector,1,Bagalkote,5,Bagalkote South Police Station,2004-07-26,22,Cyber Crime,Day,101238,Active
163,KSPEMP000163,KSP-927406,Harini,Tripathi,Harini Tripathi,Female,1980-05-16,O+,9874555984,harini.tripathi137@ksp.gov.in,Inspector,Police Inspector,22,Mysuru,134,Krishnaraja Police Station,1996-08-18,30,Traffic,Night,175746,Active
164,KSPEMP000164,KSP-214682,Vrishti,Dixit,Vrishti Dixit,Male,1986-04-17,B-,9966165669,vrishti.dixit439@ksp.gov.in,Inspector,Police Inspector,15,Hassan,95,Hassan North Police Station,2010-08-08,16,Intelligence,Night,62772,Active
165,KSPEMP000165,KSP-332785,Krishna,Shah,Krishna Shah,Female,2002-05-04,B-,9903466194,krishna.shah402@ksp.gov.in,Inspector,Police Inspector,22,Mysuru,128,Alanahalli Police Station,2021-10-09,5,Crime Investigation,Day,65426,Active
166,KSPEMP000166,KSP-465249,Leela,Kaur,Leela Kaur,Male,1999-10-21,AB+,9894244463,leela.kaur407@ksp.gov.in,Inspector,Police Inspector,6,Bidar,52,Bidar North Police Station,2008-06-19,18,Law & Order,Rotational,65168,Active
167,KSPEMP000167,KSP-779445,Urvashi,Raj,Urvashi Raj,Female,1984-04-18,A-,9968975534,urvashi.raj573@ksp.gov.in,Inspector,Police Inspector,2,Ballari,10,Ballari South Police Station,2015-10-20,11,Law & Order,Night,83352,Active
168,KSPEMP000168,KSP-514798,Warhi,Bansal,Warhi Bansal,Female,1975-09-21,A+,9966153727,warhi.bansal928@ksp.gov.in,Inspector,Police Inspector,2,Ballari,8,Ballari West Police Station,2024-07-20,2,Traffic,Rotational,61673,Active
169,KSPEMP000169,KSP-483561,Harish,Sarraf,Harish Sarraf,Male,1974-11-05,AB-,9884285656,harish.sarraf701@ksp.gov.in,Inspector,Police Inspector,18,Kodagu,109,Kodagu East Police Station,2022-12-16,4,Law & Order,Night,155025,Active
170,KSPEMP000170,KSP-744333,Maanas,Rout,Maanas Rout,Female,2000-04-18,A-,9961131654,maanas.rout241@ksp.gov.in,Inspector,Police Inspector,11,Dakshina Kannada,74,Dakshina Kannada South Police Station,2024-09-06,2,Crime Investigation,Night,83694,Active
171,KSPEMP000171,KSP-681868,Upasna,Lanka,Upasna Lanka,Male,1982-09-23,B+,9902186894,upasna.lanka299@ksp.gov.in,Inspector,Police Inspector,26,Tumakuru,159,Tumakuru Rural Police Station,2016-08-23,10,Women & Child,Rotational,167497,Active
172,KSPEMP000172,KSP-817956,Falguni,Walla,Falguni Walla,Female,1984-02-05,O-,9907415720,falguni.walla330@ksp.gov.in,Inspector,Police Inspector,21,Mandya,124,Mandya South Police Station,2005-09-27,21,Crime Investigation,Day,154884,Active
173,KSPEMP000173,KSP-676429,Balendra,Biswas,Balendra Biswas,Female,1979-04-21,A-,9911783807,balendra.biswas659@ksp.gov.in,Inspector,Police Inspector,21,Mandya,123,Mandya North Police Station,2016-05-27,10,Law & Order,Night,61847,Active
174,KSPEMP000174,KSP-412170,Utkarsh,Chana,Utkarsh Chana,Male,1985-11-16,A+,9902808182,utkarsh.chana855@ksp.gov.in,Inspector,Police Inspector,28,Uttara Kannada,167,Uttara Kannada West Police Station,1999-05-30,27,Crime Investigation,Night,147241,Active
175,KSPEMP000175,KSP-922974,Sachi,Ganesan,Sachi Ganesan,Male,1994-06-16,B-,9982032537,sachi.ganesan396@ksp.gov.in,Inspector,Police Inspector,1,Bagalkote,4,Bagalkote North Police Station,2022-10-03,4,Crime Investigation,Rotational,59962,Active
176,KSPEMP000176,KSP-162165,Jagrati,Prasad,Jagrati Prasad,Female,1985-10-08,AB+,9986711328,jagrati.prasad502@ksp.gov.in,Inspector,Police Inspector,1,Bagalkote,3,Bagalkote West Police Station,2003-08-21,23,Crime Investigation,Rotational,105442,Active
177,KSPEMP000177,KSP-573947,Pranit,Garde,Pranit Garde,Female,1977-05-02,A-,9967747684,pranit.garde599@ksp.gov.in,Inspector,Police Inspector,5,Bengaluru Urban,46,Varthur Police Station,2014-03-25,12,Law & Order,Day,59416,Active
178,KSPEMP000178,KSP-765678,Wridesh,Tank,Wridesh Tank,Female,2001-09-05,AB-,9980524228,wridesh.tank445@ksp.gov.in,Inspector,Police Inspector,30,Vijayapura,173,Vijayapura Town Police Station,2000-09-14,26,Crime Investigation,Day,162228,Active
179,KSPEMP000179,KSP-148174,Aachal,Sharaf,Aachal Sharaf,Male,1979-12-25,A-,9967418409,aachal.sharaf307@ksp.gov.in,Inspector,Police Inspector,25,Shivamogga,151,Shivamogga Central Police Station,1996-10-29,30,Intelligence,Day,114132,Active
180,KSPEMP000180,KSP-197874,Bhavna,Dugar,Bhavna Dugar,Female,1973-12-29,AB-,9890660677,bhavna.dugar539@ksp.gov.in,Inspector,Police Inspector,26,Tumakuru,155,Tumakuru North Police Station,2023-12-19,3,Cyber Crime,Rotational,59951,Active
181,KSPEMP000181,KSP-181724,Panini,Krishna,Panini Krishna,Female,1986-08-19,B+,9912606894,panini.krishna235@ksp.gov.in,Inspector,Police Inspector,28,Uttara Kannada,165,Uttara Kannada Town Police Station,2005-04-26,21,Crime Investigation,Day,135419,Active
182,KSPEMP000182,KSP-208214,Vasudha,Chhabra,Vasudha Chhabra,Male,1979-05-21,AB-,9898177191,vasudha.chhabra643@ksp.gov.in,Inspector,Police Inspector,26,Tumakuru,157,Tumakuru Central Police Station,2013-02-20,13,Crime Investigation,Rotational,78022,Active
183,KSPEMP000183,KSP-758589,Chakrika,Bains,Chakrika Bains,Male,2003-10-30,B+,9906428117,chakrika.bains459@ksp.gov.in,Inspector,Police Inspector,31,Yadgir,178,Yadgir Town Police Station,2015-08-23,11,Intelligence,Night,71655,Active
184,KSPEMP000184,KSP-360221,Abhiram,Bawa,Abhiram Bawa,Male,2001-08-09,AB+,9989088261,abhiram.bawa501@ksp.gov.in,Inspector,Police Inspector,24,Ramanagara,145,Ramanagara North Police Station,2018-03-01,8,Law & Order,Day,97741,Active
185,KSPEMP000185,KSP-352792,Victor,Pandey,Victor Pandey,Male,1978-10-13,O-,9965599918,victor.pandey682@ksp.gov.in,PSI,Police Sub Inspector,5,Bengaluru Urban,40,Banashankari Police Station,2002-01-25,24,Crime Investigation,Rotational,80290,Active
186,KSPEMP000186,KSP-117500,Laksh,Chatterjee,Laksh Chatterjee,Male,2001-05-14,A-,9872007565,laksh.chatterjee525@ksp.gov.in,PSI,Police Sub Inspector,25,Shivamogga,148,Shivamogga West Police Station,2015-04-20,11,Crime Investigation,Night,56607,Active
187,KSPEMP000187,KSP-390946,Ridhi,Bandi,Ridhi Bandi,Male,1990-09-06,A-,9890991357,ridhi.bandi765@ksp.gov.in,PSI,Police Sub Inspector,12,Davanagere,81,Davanagere North Police Station,2017-10-17,9,Cyber Crime,Day,116309,Active
188,KSPEMP000188,KSP-160718,Chakrika,Narain,Chakrika Narain,Male,1996-03-22,B-,9879160661,chakrika.narain112@ksp.gov.in,PSI,Police Sub Inspector,1,Bagalkote,4,Bagalkote North Police Station,2001-08-25,25,Traffic,Rotational,37975,Active
189,KSPEMP000189,KSP-648410,Jasmit,Wali,Jasmit Wali,Female,1988-02-12,AB+,9883787183,jasmit.wali539@ksp.gov.in,PSI,Police Sub Inspector,11,Dakshina Kannada,76,Dakshina Kannada Market Police Station,2004-06-16,22,Law & Order,Day,103930,Active
190,KSPEMP000190,KSP-620248,Aarini,Subramaniam,Aarini Subramaniam,Male,2003-06-24,O-,9913453215,aarini.subramaniam840@ksp.gov.in,PSI,Police Sub Inspector,26,Tumakuru,153,Tumakuru East Police Station,2005-02-11,21,Law & Order,Rotational,168385,Active
191,KSPEMP000191,KSP-356430,Ishwar,Sidhu,Ishwar Sidhu,Male,2003-05-01,A+,9903919087,ishwar.sidhu771@ksp.gov.in,PSI,Police Sub Inspector,2,Ballari,8,Ballari West Police Station,2000-08-20,26,Crime Investigation,Night,100080,Active
192,KSPEMP000192,KSP-384434,Mekhala,Pau,Mekhala Pau,Female,1974-07-15,A-,9913591899,mekhala.pau170@ksp.gov.in,PSI,Police Sub Inspector,22,Mysuru,127,Devaraja Police Station,2007-12-31,19,Women & Child,Night,116447,Active
193,KSPEMP000193,KSP-108356,Jatin,Sha,Jatin Sha,Female,1983-09-20,AB-,9882772399,jatin.sha894@ksp.gov.in,PSI,Police Sub Inspector,3,Belagavi,21,Udyambag Police Station,2018-04-11,8,Law & Order,Rotational,99258,Active
194,KSPEMP000194,KSP-125071,Lakshmi,Prabhu,Lakshmi Prabhu,Female,1975-02-17,B-,9913889068,lakshmi.prabhu844@ksp.gov.in,PSI,Police Sub Inspector,13,Dharwad,86,Dharwad South Police Station,2003-05-03,23,Law & Order,Day,173887,On Leave
195,KSPEMP000195,KSP-615929,Falak,Kant,Falak Kant,Female,1992-12-05,A+,9887098573,falak.kant865@ksp.gov.in,PSI,Police Sub Inspector,5,Bengaluru Urban,37,Indiranagar Police Station,2014-12-25,12,Law & Order,Day,167494,Active
196,KSPEMP000196,KSP-178465,Chasmum,Rege,Chasmum Rege,Female,1975-05-29,A+,9906128938,chasmum.rege434@ksp.gov.in,PSI,Police Sub Inspector,28,Uttara Kannada,167,Uttara Kannada West Police Station,1997-11-14,29,Law & Order,Night,96239,Active
197,KSPEMP000197,KSP-242723,Daksha,Tailor,Daksha Tailor,Male,1975-05-22,A-,9881431374,daksha.tailor574@ksp.gov.in,PSI,Police Sub Inspector,16,Haveri,98,Haveri East Police Station,2003-05-14,23,Law & Order,Day,58703,Active
198,KSPEMP000198,KSP-966529,Lipika,Setty,Lipika Setty,Female,1983-10-19,A+,9888302356,lipika.setty366@ksp.gov.in,PSI,Police Sub Inspector,29,Vijayanagara,170,Vijayanagara East Police Station,2024-02-01,2,Women & Child,Day,43147,Transferred
199,KSPEMP000199,KSP-682959,Mohammed,Sachdeva,Mohammed Sachdeva,Female,1993-03-02,B-,9874810891,mohammed.sachdeva943@ksp.gov.in,PSI,Police Sub Inspector,3,Belagavi,20,Fort Police Station,2020-09-24,6,Crime Investigation,Rotational,57030,Active
200,KSPEMP000200,KSP-952227,Ati,Bali,Ati Bali,Female,1994-05-02,A-,9879168088,ati.bali225@ksp.gov.in,PSI,Police Sub Inspector,24,Ramanagara,142,Ramanagara Town Police Station,2002-11-09,24,Law & Order,Night,48274,Active
201,KSPEMP000201,KSP-961599,Warinder,Patil,Warinder Patil,Female,1974-11-01,O+,9900612128,warinder.patil135@ksp.gov.in,PSI,Police Sub Inspector,11,Dakshina Kannada,77,Dakshina Kannada Rural Police Station,2016-06-09,10,Cyber Crime,Rotational,99431,Active
202,KSPEMP000202,KSP-532005,Darsh,Rao,Darsh Rao,Female,1980-08-29,O-,9870346729,darsh.rao656@ksp.gov.in,PSI,Police Sub Inspector,26,Tumakuru,157,Tumakuru Central Police Station,2024-08-19,2,Traffic,Night,129139,Active
203,KSPEMP000203,KSP-460745,Gavin,Kala,Gavin Kala,Female,1992-09-24,AB-,9902050828,gavin.kala583@ksp.gov.in,PSI,Police Sub Inspector,5,Bengaluru Urban,32,Basavanagudi Police Station,2013-11-14,13,Crime Investigation,Rotational,96017,On Leave
204,KSPEMP000204,KSP-359896,Chandresh,Nath,Chandresh Nath,Male,1979-08-05,B-,9895777959,chandresh.nath497@ksp.gov.in,PSI,Police Sub Inspector,24,Ramanagara,142,Ramanagara Town Police Station,2000-03-16,26,Law & Order,Day,81163,Active
205,KSPEMP000205,KSP-945372,Ekapad,Johal,Ekapad Johal,Female,1990-11-27,AB-,9910795519,ekapad.johal604@ksp.gov.in,PSI,Police Sub Inspector,25,Shivamogga,151,Shivamogga Central Police Station,2020-02-18,6,Crime Investigation,Day,163564,Active
206,KSPEMP000206,KSP-343923,Falguni,Divan,Falguni Divan,Male,1997-07-31,B-,9875092179,falguni.divan964@ksp.gov.in,PSI,Police Sub Inspector,15,Hassan,92,Hassan Town Police Station,2013-11-02,13,Women & Child,Day,40744,Active
207,KSPEMP000207,KSP-911982,Maanav,De,Maanav De,Male,1989-05-20,A-,9985307653,maanav.de430@ksp.gov.in,PSI,Police Sub Inspector,8,Chikkaballapur,58,Chikkaballapur Town Police Station,2019-09-17,7,Law & Order,Day,149522,Active
208,KSPEMP000208,KSP-780714,Atharv,Deep,Atharv Deep,Female,1972-01-18,AB-,9887586368,atharv.deep487@ksp.gov.in,PSI,Police Sub Inspector,16,Haveri,97,Haveri Town Police Station,2019-06-19,7,Law & Order,Rotational,112205,Active
209,KSPEMP000209,KSP-836109,Ekiya,Babu,Ekiya Babu,Male,1977-04-22,O+,9989906992,ekiya.babu679@ksp.gov.in,PSI,Police Sub Inspector,7,Chamarajanagar,57,Chamarajanagar North Police Station,1998-01-28,28,Law & Order,Night,71868,Active
210,KSPEMP000210,KSP-349556,Ishaan,Bhatt,Ishaan Bhatt,Male,1987-04-10,AB-,9891807684,ishaan.bhatt371@ksp.gov.in,PSI,Police Sub Inspector,7,Chamarajanagar,54,Chamarajanagar Town Police Station,2019-02-12,7,Law & Order,Rotational,52771,Active
211,KSPEMP000211,KSP-855408,Siya,Thakur,Siya Thakur,Male,1978-11-13,A+,9873798435,siya.thakur203@ksp.gov.in,PSI,Police Sub Inspector,15,Hassan,95,Hassan North Police Station,2014-05-24,12,Women & Child,Rotational,94135,Active
212,KSPEMP000212,KSP-938016,Tara,Balasubramanian,Tara Balasubramanian,Male,1973-07-25,A+,9890213810,tara.balasubramanian195@ksp.gov.in,PSI,Police Sub Inspector,6,Bidar,51,Bidar West Police Station,2010-06-12,16,Law & Order,Rotational,161546,Active
213,KSPEMP000213,KSP-785386,Pooja,Chokshi,Pooja Chokshi,Female,1987-09-26,B+,9918112167,pooja.chokshi847@ksp.gov.in,PSI,Police Sub Inspector,11,Dakshina Kannada,74,Dakshina Kannada South Police Station,2022-12-08,4,Crime Investigation,Rotational,108799,Active
214,KSPEMP000214,KSP-152046,Faris,Nagy,Faris Nagy,Male,1991-08-18,O+,9915400086,faris.nagy591@ksp.gov.in,PSI,Police Sub Inspector,4,Bengaluru Rural,25,Bengaluru Rural West Police Station,1998-06-17,28,Law & Order,Day,89251,Active
215,KSPEMP000215,KSP-185916,Ekta,Raj,Ekta Raj,Female,2004-05-18,O-,9981748263,ekta.raj479@ksp.gov.in,PSI,Police Sub Inspector,24,Ramanagara,144,Ramanagara West Police Station,2011-12-10,15,Women & Child,Night,83911,Active
216,KSPEMP000216,KSP-561101,Yashasvi,Sani,Yashasvi Sani,Female,1974-10-30,O-,9892207603,yashasvi.sani654@ksp.gov.in,PSI,Police Sub Inspector,13,Dharwad,84,Dharwad West Police Station,2016-11-27,10,Crime Investigation,Rotational,94641,Active
217,KSPEMP000217,KSP-958160,Qushi,Seth,Qushi Seth,Female,2000-11-11,O+,9916952238,qushi.seth135@ksp.gov.in,PSI,Police Sub Inspector,23,Raichur,140,Raichur North Police Station,2008-07-22,18,Crime Investigation,Rotational,73652,Active
218,KSPEMP000218,KSP-281276,Mohini,Sagar,Mohini Sagar,Female,1995-08-20,B+,9888149496,mohini.sagar954@ksp.gov.in,PSI,Police Sub Inspector,13,Dharwad,82,Dharwad Town Police Station,2005-08-14,21,Crime Investigation,Night,52566,Active
219,KSPEMP000219,KSP-678870,Aadhya,Prasad,Aadhya Prasad,Female,2003-01-09,AB-,9982487654,aadhya.prasad524@ksp.gov.in,PSI,Police Sub Inspector,15,Hassan,92,Hassan Town Police Station,2016-06-21,10,Law & Order,Rotational,61267,Transferred
220,KSPEMP000220,KSP-923914,Ekalinga,Chand,Ekalinga Chand,Male,1999-01-02,AB+,9985343460,ekalinga.chand382@ksp.gov.in,PSI,Police Sub Inspector,2,Ballari,10,Ballari South Police Station,1999-04-05,27,Crime Investigation,Rotational,140308,Active
221,KSPEMP000221,KSP-824056,Kashish,De,Kashish De,Female,1989-11-30,B-,9877980832,kashish.de603@ksp.gov.in,PSI,Police Sub Inspector,5,Bengaluru Urban,29,Whitefield Police Station,2013-07-24,13,Women & Child,Rotational,60747,On Leave
222,KSPEMP000222,KSP-240913,Jason,Roy,Jason Roy,Male,1983-03-23,AB+,9964824612,jason.roy943@ksp.gov.in,PSI,Police Sub Inspector,11,Dakshina Kannada,72,Dakshina Kannada West Police Station,2015-11-07,11,Crime Investigation,Night,170397,Active
223,KSPEMP000223,KSP-640299,Charan,Mani,Charan Mani,Male,1991-05-15,B+,9873518801,charan.mani952@ksp.gov.in,PSI,Police Sub Inspector,24,Ramanagara,144,Ramanagara West Police Station,2006-10-02,20,Law & Order,Day,100402,Active
224,KSPEMP000224,KSP-477880,Mohammed,Subramaniam,Mohammed Subramaniam,Male,1978-12-15,B-,9893439624,mohammed.subramaniam556@ksp.gov.in,PSI,Police Sub Inspector,16,Haveri,100,Haveri North Police Station,1999-09-11,27,Law & Order,Night,179528,Active
225,KSPEMP000225,KSP-978343,Ishwar,Mallick,Ishwar Mallick,Male,1990-07-02,AB+,9968000872,ishwar.mallick326@ksp.gov.in,PSI,Police Sub Inspector,23,Raichur,140,Raichur North Police Station,2019-12-19,7,Cyber Crime,Rotational,89193,Active
226,KSPEMP000226,KSP-638214,Amara,Balakrishnan,Amara Balakrishnan,Female,1977-07-05,A+,9987709660,amara.balakrishnan358@ksp.gov.in,PSI,Police Sub Inspector,24,Ramanagara,142,Ramanagara Town Police Station,2016-12-06,10,Cyber Crime,Night,107188,Active
227,KSPEMP000227,KSP-992952,Harinakshi,Panchal,Harinakshi Panchal,Female,1971-10-04,AB-,9902468315,harinakshi.panchal778@ksp.gov.in,PSI,Police Sub Inspector,16,Haveri,98,Haveri East Police Station,2021-10-12,5,Intelligence,Night,109102,Active
228,KSPEMP000228,KSP-605139,Ekaraj,Dhar,Ekaraj Dhar,Male,1996-01-03,A-,9899682782,ekaraj.dhar253@ksp.gov.in,PSI,Police Sub Inspector,16,Haveri,99,Haveri West Police Station,2024-09-26,2,Crime Investigation,Day,49883,Active
229,KSPEMP000229,KSP-792616,Tanveer,Puri,Tanveer Puri,Female,1985-05-30,AB-,9961042947,tanveer.puri697@ksp.gov.in,PSI,Police Sub Inspector,16,Haveri,99,Haveri West Police Station,2006-06-10,20,Traffic,Rotational,84785,Active
230,KSPEMP000230,KSP-819656,Devika,Nair,Devika Nair,Male,1997-03-11,O-,9963316524,devika.nair858@ksp.gov.in,PSI,Police Sub Inspector,3,Belagavi,20,Fort Police Station,2013-01-05,13,Law & Order,Rotational,82990,Transferred
231,KSPEMP000231,KSP-786224,Charles,Dugal,Charles Dugal,Female,1976-10-01,A-,9883737322,charles.dugal971@ksp.gov.in,PSI,Police Sub Inspector,31,Yadgir,179,Yadgir East Police Station,2014-06-22,12,Law & Order,Day,53668,Active
232,KSPEMP000232,KSP-624788,Anita,Savant,Anita Savant,Male,1993-05-26,A-,9986548193,anita.savant683@ksp.gov.in,PSI,Police Sub Inspector,29,Vijayanagara,171,Vijayanagara West Police Station,2010-08-22,16,Women & Child,Night,72545,Active
233,KSPEMP000233,KSP-916779,Oeshi,Mahajan,Oeshi Mahajan,Male,1978-09-02,A-,9903930427,oeshi.mahajan690@ksp.gov.in,PSI,Police Sub Inspector,14,Gadag,90,Gadag West Police Station,2011-05-31,15,Traffic,Night,58079,Active
234,KSPEMP000234,KSP-764259,Qushi,Choudhry,Qushi Choudhry,Female,1980-11-25,O+,9904405798,qushi.choudhry875@ksp.gov.in,PSI,Police Sub Inspector,5,Bengaluru Urban,37,Indiranagar Police Station,2016-03-25,10,Women & Child,Day,39696,Active
235,KSPEMP000235,KSP-337256,Darika,Bath,Darika Bath,Male,1978-10-31,AB-,9891351822,darika.bath845@ksp.gov.in,PSI,Police Sub Inspector,26,Tumakuru,155,Tumakuru North Police Station,2025-02-07,1,Crime Investigation,Rotational,123561,Active
236,KSPEMP000236,KSP-459381,Abhimanyu,Jayaraman,Abhimanyu Jayaraman,Male,1981-07-03,O-,9897198029,abhimanyu.jayaraman316@ksp.gov.in,PSI,Police Sub Inspector,29,Vijayanagara,170,Vijayanagara East Police Station,2002-09-06,24,Traffic,Rotational,167286,Active
237,KSPEMP000237,KSP-845652,Aadhya,Mann,Aadhya Mann,Female,1982-05-20,A+,9908250966,aadhya.mann120@ksp.gov.in,PSI,Police Sub Inspector,11,Dakshina Kannada,76,Dakshina Kannada Market Police Station,1996-10-11,30,Law & Order,Day,144255,Active
238,KSPEMP000238,KSP-673867,Parth,Dayal,Parth Dayal,Male,1984-02-07,AB+,9907260415,parth.dayal737@ksp.gov.in,PSI,Police Sub Inspector,19,Kolar,112,Kolar Town Police Station,2016-12-17,10,Cyber Crime,Day,144792,Active
239,KSPEMP000239,KSP-636435,Ekbal,Ranganathan,Ekbal Ranganathan,Male,1999-12-29,A-,9891111252,ekbal.ranganathan820@ksp.gov.in,PSI,Police Sub Inspector,3,Belagavi,19,APMC Police Station,1997-10-13,29,Crime Investigation,Day,45329,Active
240,KSPEMP000240,KSP-821634,Tripti,Brahmbhatt,Tripti Brahmbhatt,Male,2000-01-03,O-,9892001549,tripti.brahmbhatt898@ksp.gov.in,PSI,Police Sub Inspector,15,Hassan,95,Hassan North Police Station,2013-04-02,13,Crime Investigation,Rotational,61552,Transferred
241,KSPEMP000241,KSP-578938,Omisha,Mann,Omisha Mann,Male,1975-05-11,AB+,9894010283,omisha.mann856@ksp.gov.in,PSI,Police Sub Inspector,4,Bengaluru Rural,24,Bengaluru Rural East Police Station,1997-02-27,29,Law & Order,Day,37535,Active
242,KSPEMP000242,KSP-444625,Onveer,Sharma,Onveer Sharma,Male,1999-01-05,AB-,9909273314,onveer.sharma567@ksp.gov.in,PSI,Police Sub Inspector,19,Kolar,112,Kolar Town Police Station,2023-03-25,3,Law & Order,Night,160369,Active
243,KSPEMP000243,KSP-218548,Rajeshri,Cherian,Rajeshri Cherian,Male,1979-08-02,B+,9967981945,rajeshri.cherian548@ksp.gov.in,PSI,Police Sub Inspector,31,Yadgir,178,Yadgir Town Police Station,2013-08-19,13,Law & Order,Night,129004,Active
244,KSPEMP000244,KSP-606545,Meghana,Mukherjee,Meghana Mukherjee,Male,1996-03-02,O-,9878406085,meghana.mukherjee861@ksp.gov.in,PSI,Police Sub Inspector,2,Ballari,11,Ballari Central Police Station,2002-12-24,24,Crime Investigation,Rotational,93716,On Leave
245,KSPEMP000245,KSP-644315,Faraj,Uppal,Faraj Uppal,Female,1992-06-14,A-,9906236385,faraj.uppal727@ksp.gov.in,PSI,Police Sub Inspector,14,Gadag,91,Gadag North Police Station,2011-12-11,15,Law & Order,Rotational,76137,Active
246,KSPEMP000246,KSP-993251,Ikshita,Panchal,Ikshita Panchal,Female,1995-07-24,O-,9981733255,ikshita.panchal487@ksp.gov.in,PSI,Police Sub Inspector,7,Chamarajanagar,57,Chamarajanagar North Police Station,2020-04-21,6,Crime Investigation,Day,55664,Active
247,KSPEMP000247,KSP-192295,Warinder,Chauhan,Warinder Chauhan,Female,1976-05-22,O-,9903970405,warinder.chauhan945@ksp.gov.in,PSI,Police Sub Inspector,4,Bengaluru Rural,26,Bengaluru Rural North Police Station,2002-04-11,24,Law & Order,Rotational,114848,Active
248,KSPEMP000248,KSP-786393,Faqid,Goel,Faqid Goel,Male,2002-12-12,O-,9893024564,faqid.goel772@ksp.gov.in,PSI,Police Sub Inspector,3,Belagavi,22,Angol Police Station,2014-10-07,12,Law & Order,Night,64890,Active
249,KSPEMP000249,KSP-102303,Saumya,Naidu,Saumya Naidu,Male,2000-01-28,AB-,9898925701,saumya.naidu243@ksp.gov.in,PSI,Police Sub Inspector,10,Chitradurga,69,Chitradurga North Police Station,2014-09-29,12,Women & Child,Rotational,142272,Active
250,KSPEMP000250,KSP-296653,Ria,Bir,Ria Bir,Male,1987-01-11,A-,9983477149,ria.bir957@ksp.gov.in,PSI,Police Sub Inspector,18,Kodagu,109,Kodagu East Police Station,2014-11-12,12,Cyber Crime,Day,153097,Active
251,KSPEMP000251,KSP-623059,Daksh,Pandey,Daksh Pandey,Male,1988-04-18,A+,9917545979,daksh.pandey808@ksp.gov.in,PSI,Police Sub Inspector,25,Shivamogga,147,Shivamogga East Police Station,2005-07-22,21,Crime Investigation,Rotational,68654,Active
252,KSPEMP000252,KSP-628597,Baljiwan,Bhandari,Baljiwan Bhandari,Female,1983-09-22,O+,9909972994,baljiwan.bhandari236@ksp.gov.in,PSI,Police Sub Inspector,24,Ramanagara,142,Ramanagara Town Police Station,2004-11-17,22,Law & Order,Rotational,169294,Active
253,KSPEMP000253,KSP-846454,Yashica,Rajagopalan,Yashica Rajagopalan,Female,1986-10-29,B-,9882769179,yashica.rajagopalan282@ksp.gov.in,PSI,Police Sub Inspector,23,Raichur,141,Raichur South Police Station,2012-08-18,14,Crime Investigation,Rotational,119510,Active
254,KSPEMP000254,KSP-689593,Shivani,Guha,Shivani Guha,Female,1982-03-02,O-,9915647828,shivani.guha927@ksp.gov.in,PSI,Police Sub Inspector,12,Davanagere,80,Davanagere West Police Station,2010-05-07,16,Law & Order,Day,41624,Active
255,KSPEMP000255,KSP-802812,David,Seshadri,David Seshadri,Male,1974-12-21,A+,9882796107,david.seshadri308@ksp.gov.in,PSI,Police Sub Inspector,24,Ramanagara,143,Ramanagara East Police Station,2022-08-18,4,Traffic,Day,129026,Active
256,KSPEMP000256,KSP-746036,Frado,Thaman,Frado Thaman,Male,1992-11-16,B-,9966357660,frado.thaman490@ksp.gov.in,PSI,Police Sub Inspector,30,Vijayapura,173,Vijayapura Town Police Station,1997-09-09,29,Law & Order,Rotational,116960,Transferred
257,KSPEMP000257,KSP-113595,Reva,Viswanathan,Reva Viswanathan,Male,1988-10-21,AB+,9886788976,reva.viswanathan873@ksp.gov.in,PSI,Police Sub Inspector,6,Bidar,50,Bidar East Police Station,2001-02-27,25,Crime Investigation,Rotational,86503,Active
258,KSPEMP000258,KSP-408467,Barkha,Ram,Barkha Ram,Male,1985-01-16,O-,9889097102,barkha.ram370@ksp.gov.in,PSI,Police Sub Inspector,5,Bengaluru Urban,32,Basavanagudi Police Station,2006-05-14,20,Law & Order,Rotational,101850,Active
259,KSPEMP000259,KSP-844163,Gaurika,Bhatti,Gaurika Bhatti,Female,1982-06-08,B+,9871309664,gaurika.bhatti686@ksp.gov.in,PSI,Police Sub Inspector,2,Ballari,11,Ballari Central Police Station,2012-09-25,14,Crime Investigation,Day,118324,Active
260,KSPEMP000260,KSP-645895,Bhanumati,Krishnan,Bhanumati Krishnan,Male,1995-06-10,A-,9985450223,bhanumati.krishnan469@ksp.gov.in,PSI,Police Sub Inspector,9,Chikkamagaluru,65,Chikkamagaluru North Police Station,2015-08-06,11,Law & Order,Rotational,174067,Active
261,KSPEMP000261,KSP-220294,Gauri,Bumb,Gauri Bumb,Male,1990-10-14,AB-,9902692083,gauri.bumb915@ksp.gov.in,PSI,Police Sub Inspector,12,Davanagere,81,Davanagere North Police Station,2000-08-28,26,Narcotics,Night,102263,Active
262,KSPEMP000262,KSP-125905,Dayita,Ramanathan,Dayita Ramanathan,Female,1975-10-24,AB-,9918408159,dayita.ramanathan271@ksp.gov.in,PSI,Police Sub Inspector,14,Gadag,90,Gadag West Police Station,2017-02-09,9,Intelligence,Rotational,174776,Active
263,KSPEMP000263,KSP-321020,Dayita,Puri,Dayita Puri,Male,1992-10-16,B-,9986828874,dayita.puri936@ksp.gov.in,PSI,Police Sub Inspector,6,Bidar,50,Bidar East Police Station,2006-01-30,20,Narcotics,Rotational,75305,Active
264,KSPEMP000264,KSP-139726,Girik,Sampath,Girik Sampath,Female,1988-05-02,A-,9870755223,girik.sampath745@ksp.gov.in,PSI,Police Sub Inspector,23,Raichur,140,Raichur North Police Station,1997-01-31,29,Crime Investigation,Night,39427,Active
265,KSPEMP000265,KSP-660814,Pranit,Kala,Pranit Kala,Male,1982-10-31,A+,9967070835,pranit.kala396@ksp.gov.in,PSI,Police Sub Inspector,29,Vijayanagara,170,Vijayanagara East Police Station,2018-10-10,8,Traffic,Night,57676,Active
266,KSPEMP000266,KSP-499941,Upkaar,Devan,Upkaar Devan,Female,1976-09-01,O+,9986451375,upkaar.devan749@ksp.gov.in,PSI,Police Sub Inspector,5,Bengaluru Urban,37,Indiranagar Police Station,2005-02-18,21,Law & Order,Rotational,132813,Transferred
267,KSPEMP000267,KSP-680412,Yashica,Zacharia,Yashica Zacharia,Male,1999-02-11,B+,9870535027,yashica.zacharia843@ksp.gov.in,PSI,Police Sub Inspector,29,Vijayanagara,169,Vijayanagara Town Police Station,2022-03-07,4,Law & Order,Night,169362,Active
268,KSPEMP000268,KSP-331512,Gayathri,Deep,Gayathri Deep,Male,1991-04-07,AB+,9881650795,gayathri.deep760@ksp.gov.in,PSI,Police Sub Inspector,5,Bengaluru Urban,31,Jayanagar Police Station,2001-01-10,25,Crime Investigation,Night,52658,Active
269,KSPEMP000269,KSP-860835,Noah,Sarma,Noah Sarma,Male,1972-12-30,O-,9893622014,noah.sarma436@ksp.gov.in,PSI,Police Sub Inspector,22,Mysuru,136,Udayagiri Police Station,2007-02-13,19,Cyber Crime,Night,74949,Active
270,KSPEMP000270,KSP-946934,Sachi,Mane,Sachi Mane,Female,1996-05-20,AB-,9901377623,sachi.mane795@ksp.gov.in,PSI,Police Sub Inspector,13,Dharwad,84,Dharwad West Police Station,2019-04-15,7,Traffic,Night,156332,Active
271,KSPEMP000271,KSP-610626,William,More,William More,Female,2003-06-03,A-,9886028817,william.more741@ksp.gov.in,PSI,Police Sub Inspector,22,Mysuru,127,Devaraja Police Station,2019-04-21,7,Law & Order,Day,39883,Active
272,KSPEMP000272,KSP-952117,Jhalak,Sastry,Jhalak Sastry,Male,1986-10-16,O+,9985955947,jhalak.sastry474@ksp.gov.in,PSI,Police Sub Inspector,16,Haveri,97,Haveri Town Police Station,2004-09-22,22,Law & Order,Rotational,111283,Active
273,KSPEMP000273,KSP-516059,Yadavi,Wable,Yadavi Wable,Male,1985-05-16,AB-,9910299671,yadavi.wable263@ksp.gov.in,PSI,Police Sub Inspector,3,Belagavi,19,APMC Police Station,2001-04-03,25,Law & Order,Rotational,73325,Active
274,KSPEMP000274,KSP-476224,Lakshit,Krishna,Lakshit Krishna,Female,1973-04-11,A+,9887222657,lakshit.krishna497@ksp.gov.in,PSI,Police Sub Inspector,12,Davanagere,80,Davanagere West Police Station,2010-06-29,16,Crime Investigation,Night,47173,Active
275,KSPEMP000275,KSP-208239,Harshil,Varty,Harshil Varty,Female,1999-08-24,AB+,9987553358,harshil.varty179@ksp.gov.in,ASI,Assistant Sub Inspector,19,Kolar,114,Kolar West Police Station,2004-10-27,22,Crime Investigation,Night,93431,Active
276,KSPEMP000276,KSP-956934,Anjali,Sengupta,Anjali Sengupta,Female,2001-06-06,AB-,9907808425,anjali.sengupta387@ksp.gov.in,ASI,Assistant Sub Inspector,9,Chikkamagaluru,63,Chikkamagaluru East Police Station,2000-10-29,26,Law & Order,Day,76250,Active
277,KSPEMP000277,KSP-793223,Gavin,Kapadia,Gavin Kapadia,Male,1998-07-04,B-,9908744218,gavin.kapadia122@ksp.gov.in,ASI,Assistant Sub Inspector,5,Bengaluru Urban,42,Koramangala Police Station,2022-03-17,4,Law & Order,Day,77239,Active
278,KSPEMP000278,KSP-700067,Oeshi,Bera,Oeshi Bera,Male,1984-08-21,B+,9871954968,oeshi.bera845@ksp.gov.in,ASI,Assistant Sub Inspector,3,Belagavi,17,Malmaruti Police Station,2007-05-27,19,Cyber Crime,Night,57478,Active
279,KSPEMP000279,KSP-605065,Finn,Prasad,Finn Prasad,Female,1978-12-19,B+,9888678162,finn.prasad841@ksp.gov.in,ASI,Assistant Sub Inspector,17,Kalaburagi,103,Kalaburagi West Police Station,2005-10-18,21,Cyber Crime,Night,53046,Active
280,KSPEMP000280,KSP-238635,Gautami,Dhingra,Gautami Dhingra,Female,1976-02-05,A-,9872854104,gautami.dhingra729@ksp.gov.in,ASI,Assistant Sub Inspector,17,Kalaburagi,105,Kalaburagi South Police Station,2004-11-15,22,Crime Investigation,Rotational,166944,Active
281,KSPEMP000281,KSP-605666,Liam,Singh,Liam Singh,Male,1986-05-11,B+,9915096448,liam.singh814@ksp.gov.in,ASI,Assistant Sub Inspector,24,Ramanagara,144,Ramanagara West Police Station,1996-09-15,30,Crime Investigation,Day,161385,Active
282,KSPEMP000282,KSP-467544,Anirudh,Kunda,Anirudh Kunda,Female,1978-09-03,A-,9901428284,anirudh.kunda293@ksp.gov.in,ASI,Assistant Sub Inspector,17,Kalaburagi,105,Kalaburagi South Police Station,2000-11-21,26,Law & Order,Rotational,36864,Active
283,KSPEMP000283,KSP-645009,Indrajit,Mani,Indrajit Mani,Male,1979-05-26,A+,9906633162,indrajit.mani975@ksp.gov.in,ASI,Assistant Sub Inspector,6,Bidar,52,Bidar North Police Station,2000-02-02,26,Crime Investigation,Rotational,130851,Active
284,KSPEMP000284,KSP-891645,Oni,Shankar,Oni Shankar,Female,1973-08-18,B-,9905515495,oni.shankar892@ksp.gov.in,ASI,Assistant Sub Inspector,2,Ballari,7,Ballari East Police Station,2020-10-26,6,Traffic,Rotational,71193,Active
285,KSPEMP000285,KSP-884140,Amol,Varma,Amol Varma,Male,1990-07-14,B-,9907915786,amol.varma800@ksp.gov.in,ASI,Assistant Sub Inspector,17,Kalaburagi,106,Kalaburagi Central Police Station,2017-05-23,9,Traffic,Day,137001,Transferred
286,KSPEMP000286,KSP-943442,Pushti,Agarwal,Pushti Agarwal,Male,1991-11-05,A-,9981940200,pushti.agarwal493@ksp.gov.in,ASI,Assistant Sub Inspector,17,Kalaburagi,102,Kalaburagi East Police Station,2003-07-14,23,Narcotics,Night,171578,Active
287,KSPEMP000287,KSP-911187,Rachit,Chada,Rachit Chada,Male,1988-10-30,B+,9964089517,rachit.chada622@ksp.gov.in,ASI,Assistant Sub Inspector,14,Gadag,88,Gadag Town Police Station,2007-01-05,19,Crime Investigation,Day,79428,Active
288,KSPEMP000288,KSP-350878,Madhavi,Singhal,Madhavi Singhal,Female,1972-12-28,A+,9880236420,madhavi.singhal820@ksp.gov.in,ASI,Assistant Sub Inspector,3,Belagavi,13,Camp Police Station,2007-10-10,19,Law & Order,Day,179072,Active
289,KSPEMP000289,KSP-464354,Zehaan,Babu,Zehaan Babu,Female,1983-05-05,AB+,9886195241,zehaan.babu174@ksp.gov.in,ASI,Assistant Sub Inspector,7,Chamarajanagar,55,Chamarajanagar East Police Station,1998-07-07,28,Crime Investigation,Night,65673,Active
290,KSPEMP000290,KSP-664032,Hemang,Natarajan,Hemang Natarajan,Female,1975-12-16,AB+,9964342376,hemang.natarajan700@ksp.gov.in,ASI,Assistant Sub Inspector,3,Belagavi,16,Shahapur Police Station,2006-10-09,20,Women & Child,Night,65479,Active
291,KSPEMP000291,KSP-764442,Parth,Shetty,Parth Shetty,Female,2003-12-03,B-,9967843572,parth.shetty394@ksp.gov.in,ASI,Assistant Sub Inspector,8,Chikkaballapur,60,Chikkaballapur West Police Station,2010-06-07,16,Law & Order,Rotational,124651,Active
292,KSPEMP000292,KSP-599704,Krishna,Bhatnagar,Krishna Bhatnagar,Male,1995-03-09,AB-,9892517917,krishna.bhatnagar340@ksp.gov.in,ASI,Assistant Sub Inspector,29,Vijayanagara,169,Vijayanagara Town Police Station,2023-12-02,3,Traffic,Night,89205,Active
293,KSPEMP000293,KSP-976960,Chaaya,Jaggi,Chaaya Jaggi,Male,1972-12-31,AB-,9887109408,chaaya.jaggi143@ksp.gov.in,ASI,Assistant Sub Inspector,7,Chamarajanagar,55,Chamarajanagar East Police Station,2002-05-04,24,Women & Child,Night,117684,Active
294,KSPEMP000294,KSP-614646,Diya,Mukherjee,Diya Mukherjee,Female,1988-07-24,B+,9989225074,diya.mukherjee653@ksp.gov.in,ASI,Assistant Sub Inspector,26,Tumakuru,155,Tumakuru North Police Station,2025-03-28,1,Law & Order,Night,138210,Active
295,KSPEMP000295,KSP-579404,Zehaan,Bansal,Zehaan Bansal,Male,1996-05-31,A-,9965306313,zehaan.bansal982@ksp.gov.in,ASI,Assistant Sub Inspector,28,Uttara Kannada,166,Uttara Kannada East Police Station,2002-02-05,24,Law & Order,Rotational,103904,Active
296,KSPEMP000296,KSP-742865,Champak,Narula,Champak Narula,Female,1980-07-28,AB-,9891447344,champak.narula685@ksp.gov.in,ASI,Assistant Sub Inspector,17,Kalaburagi,107,Kalaburagi Market Police Station,2019-09-26,7,Law & Order,Rotational,94917,Active
297,KSPEMP000297,KSP-943146,Mugdha,Sarraf,Mugdha Sarraf,Female,2001-01-29,B-,9914319181,mugdha.sarraf611@ksp.gov.in,ASI,Assistant Sub Inspector,4,Bengaluru Rural,23,Bengaluru Rural Town Police Station,2007-10-08,19,Law & Order,Rotational,170530,Active
298,KSPEMP000298,KSP-923481,Watika,Tank,Watika Tank,Female,1983-09-05,O-,9892800122,watika.tank959@ksp.gov.in,ASI,Assistant Sub Inspector,22,Mysuru,130,Saraswathipuram Police Station,2019-09-04,7,Cyber Crime,Night,122728,Active
299,KSPEMP000299,KSP-687569,Fitan,Samra,Fitan Samra,Female,1974-02-28,AB+,9890189156,fitan.samra278@ksp.gov.in,ASI,Assistant Sub Inspector,15,Hassan,92,Hassan Town Police Station,2014-01-10,12,Intelligence,Night,128089,Active
300,KSPEMP000300,KSP-912378,Chaaya,Nagi,Chaaya Nagi,Female,1974-12-10,O-,9873261183,chaaya.nagi746@ksp.gov.in,ASI,Assistant Sub Inspector,12,Davanagere,81,Davanagere North Police Station,2006-01-24,20,Cyber Crime,Night,53702,Active
301,KSPEMP000301,KSP-339303,Damini,Sehgal,Damini Sehgal,Female,1991-06-11,AB-,9896763879,damini.sehgal865@ksp.gov.in,ASI,Assistant Sub Inspector,25,Shivamogga,149,Shivamogga North Police Station,2008-11-29,18,Crime Investigation,Night,143524,Active
302,KSPEMP000302,KSP-231113,Indali,Sekhon,Indali Sekhon,Male,1972-12-14,B-,9962772309,indali.sekhon584@ksp.gov.in,ASI,Assistant Sub Inspector,26,Tumakuru,154,Tumakuru West Police Station,2021-10-14,5,Crime Investigation,Day,139074,Active
303,KSPEMP000303,KSP-208976,Radhika,Maharaj,Radhika Maharaj,Male,1992-08-28,AB+,9911683226,radhika.maharaj234@ksp.gov.in,ASI,Assistant Sub Inspector,19,Kolar,113,Kolar East Police Station,2019-07-05,7,Crime Investigation,Day,42489,Active
304,KSPEMP000304,KSP-440998,Falan,Ravi,Falan Ravi,Female,1983-07-18,O-,9909524961,falan.ravi711@ksp.gov.in,ASI,Assistant Sub Inspector,24,Ramanagara,145,Ramanagara North Police Station,2019-10-15,7,Crime Investigation,Rotational,149026,Active
305,KSPEMP000305,KSP-464032,Azaan,Dhar,Azaan Dhar,Female,1999-07-25,O-,9912034105,azaan.dhar876@ksp.gov.in,ASI,Assistant Sub Inspector,15,Hassan,96,Hassan South Police Station,2016-03-21,10,Women & Child,Night,110173,Active
306,KSPEMP000306,KSP-821179,Bakhshi,Date,Bakhshi Date,Male,1973-10-10,O-,9984042203,bakhshi.date521@ksp.gov.in,ASI,Assistant Sub Inspector,31,Yadgir,181,Yadgir North Police Station,2019-02-18,7,Women & Child,Night,138481,Active
307,KSPEMP000307,KSP-968668,Janaki,Rajagopal,Janaki Rajagopal,Female,2002-11-20,O+,9882427986,janaki.rajagopal391@ksp.gov.in,ASI,Assistant Sub Inspector,9,Chikkamagaluru,63,Chikkamagaluru East Police Station,1997-06-30,29,Cyber Crime,Rotational,105470,Active
308,KSPEMP000308,KSP-291267,Shivani,Prabhakar,Shivani Prabhakar,Male,1983-10-31,B+,9891447431,shivani.prabhakar647@ksp.gov.in,ASI,Assistant Sub Inspector,10,Chitradurga,66,Chitradurga Town Police Station,2018-09-07,8,Law & Order,Day,108954,Active
309,KSPEMP000309,KSP-862427,Jeevika,Rao,Jeevika Rao,Female,1981-12-06,A+,9880024743,jeevika.rao813@ksp.gov.in,ASI,Assistant Sub Inspector,5,Bengaluru Urban,29,Whitefield Police Station,2004-08-20,22,Traffic,Night,56030,Active
310,KSPEMP000310,KSP-158760,Atharv,Grewal,Atharv Grewal,Male,1988-01-09,AB+,9983518230,atharv.grewal886@ksp.gov.in,ASI,Assistant Sub Inspector,11,Dakshina Kannada,72,Dakshina Kannada West Police Station,2007-10-11,19,Traffic,Night,151119,Active
311,KSPEMP000311,KSP-308855,Adweta,Lad,Adweta Lad,Male,1994-10-15,O-,9967594633,adweta.lad744@ksp.gov.in,ASI,Assistant Sub Inspector,28,Uttara Kannada,166,Uttara Kannada East Police Station,2002-10-11,24,Traffic,Rotational,179069,Active
312,KSPEMP000312,KSP-604605,Vritti,Iyengar,Vritti Iyengar,Female,1975-08-09,AB+,9883069240,vritti.iyengar913@ksp.gov.in,ASI,Assistant Sub Inspector,25,Shivamogga,146,Shivamogga Town Police Station,2021-04-15,5,Law & Order,Day,138758,Active
313,KSPEMP000313,KSP-144033,Orinder,Saxena,Orinder Saxena,Male,2004-06-19,O-,9965301069,orinder.saxena877@ksp.gov.in,ASI,Assistant Sub Inspector,29,Vijayanagara,169,Vijayanagara Town Police Station,2020-01-22,6,Cyber Crime,Day,128196,Active
314,KSPEMP000314,KSP-231939,Idika,Bhattacharyya,Idika Bhattacharyya,Male,1989-09-15,O-,9883563870,idika.bhattacharyya486@ksp.gov.in,ASI,Assistant Sub Inspector,5,Bengaluru Urban,36,HAL Police Station,2004-12-22,22,Law & Order,Day,100718,Active
315,KSPEMP000315,KSP-840951,Nakul,Ghosh,Nakul Ghosh,Female,1997-09-30,O-,9912611372,nakul.ghosh951@ksp.gov.in,ASI,Assistant Sub Inspector,11,Dakshina Kannada,72,Dakshina Kannada West Police Station,2011-04-23,15,Crime Investigation,Rotational,77033,Active
316,KSPEMP000316,KSP-571213,Sai,Dewan,Sai Dewan,Male,1979-05-15,AB+,9982306310,sai.dewan977@ksp.gov.in,ASI,Assistant Sub Inspector,22,Mysuru,132,Hebbal Police Station,2010-11-18,16,Law & Order,Rotational,97596,Active
317,KSPEMP000317,KSP-790266,Jyoti,Sibal,Jyoti Sibal,Male,1998-01-28,O+,9885456361,jyoti.sibal635@ksp.gov.in,ASI,Assistant Sub Inspector,13,Dharwad,86,Dharwad South Police Station,2012-07-21,14,Cyber Crime,Day,69019,Active
318,KSPEMP000318,KSP-311895,Dominic,More,Dominic More,Male,1984-09-11,A-,9901063465,dominic.more150@ksp.gov.in,ASI,Assistant Sub Inspector,5,Bengaluru Urban,39,Peenya Police Station,2017-05-06,9,Law & Order,Rotational,53579,Active
319,KSPEMP000319,KSP-787603,Nirja,Rout,Nirja Rout,Male,1998-09-22,O-,9980805943,nirja.rout825@ksp.gov.in,ASI,Assistant Sub Inspector,2,Ballari,6,Ballari Town Police Station,1998-09-11,28,Law & Order,Rotational,104681,Active
320,KSPEMP000320,KSP-974991,Ethan,Sengupta,Ethan Sengupta,Male,1986-12-05,AB+,9879907515,ethan.sengupta354@ksp.gov.in,ASI,Assistant Sub Inspector,6,Bidar,49,Bidar Town Police Station,2011-07-23,15,Crime Investigation,Day,143838,Active
321,KSPEMP000321,KSP-807256,Qabil,Dayal,Qabil Dayal,Female,1985-10-31,O-,9966811431,qabil.dayal714@ksp.gov.in,ASI,Assistant Sub Inspector,3,Belagavi,14,Tilakwadi Police Station,2022-12-19,4,Crime Investigation,Night,117615,Active
322,KSPEMP000322,KSP-985893,Jeet,Vasa,Jeet Vasa,Female,1976-08-09,AB-,9907476527,jeet.vasa862@ksp.gov.in,ASI,Assistant Sub Inspector,30,Vijayapura,177,Vijayapura South Police Station,2001-05-01,25,Law & Order,Night,152309,Transferred
323,KSPEMP000323,KSP-861594,Umang,Pal,Umang Pal,Male,2002-10-28,A+,9895593328,umang.pal122@ksp.gov.in,ASI,Assistant Sub Inspector,10,Chitradurga,69,Chitradurga North Police Station,2011-08-09,15,Traffic,Rotational,107340,Transferred
324,KSPEMP000324,KSP-198867,Farhan,Krishna,Farhan Krishna,Male,1978-01-13,A+,9903135280,farhan.krishna509@ksp.gov.in,ASI,Assistant Sub Inspector,13,Dharwad,83,Dharwad East Police Station,2024-04-15,2,Crime Investigation,Day,55237,Active
325,KSPEMP000325,KSP-281301,Jeremiah,Mitter,Jeremiah Mitter,Female,1991-10-31,O-,9988780608,jeremiah.mitter490@ksp.gov.in,ASI,Assistant Sub Inspector,13,Dharwad,84,Dharwad West Police Station,1999-04-07,27,Law & Order,Day,122658,Active
326,KSPEMP000326,KSP-536754,Mitesh,Garg,Mitesh Garg,Female,1993-04-17,A-,9987789660,mitesh.garg636@ksp.gov.in,ASI,Assistant Sub Inspector,26,Tumakuru,154,Tumakuru West Police Station,2017-06-14,9,Law & Order,Rotational,74211,Active
327,KSPEMP000327,KSP-260639,Benjamin,Balakrishnan,Benjamin Balakrishnan,Male,1974-03-27,A+,9967345522,benjamin.balakrishnan503@ksp.gov.in,ASI,Assistant Sub Inspector,26,Tumakuru,157,Tumakuru Central Police Station,2024-01-24,2,Law & Order,Night,56638,Active
328,KSPEMP000328,KSP-674779,Shivansh,Saha,Shivansh Saha,Male,1991-12-15,O+,9890571154,shivansh.saha767@ksp.gov.in,ASI,Assistant Sub Inspector,29,Vijayanagara,172,Vijayanagara North Police Station,1997-06-07,29,Crime Investigation,Rotational,172428,Active
329,KSPEMP000329,KSP-379190,Chasmum,Subramanian,Chasmum Subramanian,Male,1979-08-21,O+,9896514313,chasmum.subramanian771@ksp.gov.in,ASI,Assistant Sub Inspector,11,Dakshina Kannada,72,Dakshina Kannada West Police Station,2019-12-20,7,Law & Order,Night,79369,On Leave
330,KSPEMP000330,KSP-753453,Chameli,Setty,Chameli Setty,Female,1973-12-18,B+,9900813781,chameli.setty155@ksp.gov.in,ASI,Assistant Sub Inspector,26,Tumakuru,158,Tumakuru Market Police Station,1998-04-17,28,Law & Order,Rotational,73712,Active
331,KSPEMP000331,KSP-114400,Ojasvi,Sule,Ojasvi Sule,Female,1986-11-18,AB-,9968343725,ojasvi.sule868@ksp.gov.in,ASI,Assistant Sub Inspector,26,Tumakuru,152,Tumakuru Town Police Station,2006-06-03,20,Law & Order,Night,72053,Active
332,KSPEMP000332,KSP-494900,Dhriti,Nagar,Dhriti Nagar,Male,1995-10-14,A+,9891276060,dhriti.nagar497@ksp.gov.in,ASI,Assistant Sub Inspector,5,Bengaluru Urban,36,HAL Police Station,2021-07-08,5,Cyber Crime,Rotational,129429,Active
333,KSPEMP000333,KSP-406703,Kalpit,Prabhakar,Kalpit Prabhakar,Male,1988-07-20,O+,9889579450,kalpit.prabhakar303@ksp.gov.in,ASI,Assistant Sub Inspector,25,Shivamogga,147,Shivamogga East Police Station,1999-08-20,27,Crime Investigation,Night,40633,Active
334,KSPEMP000334,KSP-449773,Unnati,Das,Unnati Das,Female,1980-05-19,O-,9907063399,unnati.das382@ksp.gov.in,ASI,Assistant Sub Inspector,3,Belagavi,19,APMC Police Station,2003-09-29,23,Women & Child,Rotational,102549,Active
335,KSPEMP000335,KSP-681896,Chandresh,Mannan,Chandresh Mannan,Male,2002-10-02,AB+,9881860396,chandresh.mannan740@ksp.gov.in,ASI,Assistant Sub Inspector,5,Bengaluru Urban,40,Banashankari Police Station,2021-08-13,5,Cyber Crime,Night,98009,Active
336,KSPEMP000336,KSP-427557,Yuvraj,Dutta,Yuvraj Dutta,Female,1998-05-26,AB-,9905215883,yuvraj.dutta822@ksp.gov.in,ASI,Assistant Sub Inspector,21,Mandya,121,Mandya East Police Station,2023-08-20,3,Women & Child,Day,147738,On Leave
337,KSPEMP000337,KSP-788108,Ranveer,Dutta,Ranveer Dutta,Male,1987-12-31,B+,9890571810,ranveer.dutta426@ksp.gov.in,ASI,Assistant Sub Inspector,4,Bengaluru Rural,26,Bengaluru Rural North Police Station,2011-06-25,15,Women & Child,Night,142807,Active
338,KSPEMP000338,KSP-259338,Darika,Tank,Darika Tank,Female,1972-04-27,B-,9871096665,darika.tank336@ksp.gov.in,ASI,Assistant Sub Inspector,3,Belagavi,17,Malmaruti Police Station,2023-12-19,3,Cyber Crime,Night,55834,Active
339,KSPEMP000339,KSP-240600,Wridesh,Kale,Wridesh Kale,Female,1990-10-22,O-,9966134124,wridesh.kale115@ksp.gov.in,ASI,Assistant Sub Inspector,10,Chitradurga,68,Chitradurga West Police Station,1997-12-19,29,Narcotics,Night,93341,Active
340,KSPEMP000340,KSP-894586,Warda,Singhal,Warda Singhal,Male,1980-12-26,B-,9871946688,warda.singhal537@ksp.gov.in,ASI,Assistant Sub Inspector,22,Mysuru,130,Saraswathipuram Police Station,1996-10-16,30,Crime Investigation,Day,134712,Active
341,KSPEMP000341,KSP-741209,Raagini,Desai,Raagini Desai,Female,2000-09-04,A+,9911488259,raagini.desai140@ksp.gov.in,ASI,Assistant Sub Inspector,3,Belagavi,17,Malmaruti Police Station,2017-08-26,9,Crime Investigation,Rotational,47922,Active
342,KSPEMP000342,KSP-517375,Jasmit,Bath,Jasmit Bath,Female,1984-10-10,AB+,9988446051,jasmit.bath949@ksp.gov.in,ASI,Assistant Sub Inspector,7,Chamarajanagar,56,Chamarajanagar West Police Station,2013-02-03,13,Cyber Crime,Day,166244,Active
343,KSPEMP000343,KSP-512160,Janani,Mani,Janani Mani,Male,1973-12-25,O+,9894157242,janani.mani808@ksp.gov.in,ASI,Assistant Sub Inspector,13,Dharwad,83,Dharwad East Police Station,2011-03-07,15,Cyber Crime,Rotational,77990,Active
344,KSPEMP000344,KSP-195620,Jagat,Dave,Jagat Dave,Male,2003-09-25,A-,9964353759,jagat.dave487@ksp.gov.in,ASI,Assistant Sub Inspector,24,Ramanagara,142,Ramanagara Town Police Station,2007-12-24,19,Crime Investigation,Day,79796,Transferred
345,KSPEMP000345,KSP-269999,Jasmit,Dhawan,Jasmit Dhawan,Male,1978-02-15,B+,9887037921,jasmit.dhawan234@ksp.gov.in,ASI,Assistant Sub Inspector,23,Raichur,140,Raichur North Police Station,2011-04-27,15,Intelligence,Day,101351,Active
346,KSPEMP000346,KSP-996963,Chakradev,Barad,Chakradev Barad,Female,1976-01-29,O-,9918642644,chakradev.barad715@ksp.gov.in,ASI,Assistant Sub Inspector,5,Bengaluru Urban,44,Kengeri Police Station,2006-03-19,20,Cyber Crime,Day,178482,Active
347,KSPEMP000347,KSP-151295,Zilmil,Shan,Zilmil Shan,Male,1976-06-21,B+,9880310563,zilmil.shan189@ksp.gov.in,ASI,Assistant Sub Inspector,5,Bengaluru Urban,41,BTM Layout Police Station,2022-06-16,4,Law & Order,Night,81726,Active
348,KSPEMP000348,KSP-740774,Falak,Nagar,Falak Nagar,Female,1976-12-01,B+,9907307388,falak.nagar876@ksp.gov.in,ASI,Assistant Sub Inspector,22,Mysuru,125,Vijayanagar Police Station,2025-04-13,1,Crime Investigation,Rotational,52019,Active
349,KSPEMP000349,KSP-227950,Gayathri,Tripathi,Gayathri Tripathi,Male,1998-11-21,AB+,9895566176,gayathri.tripathi189@ksp.gov.in,ASI,Assistant Sub Inspector,15,Hassan,96,Hassan South Police Station,2011-12-29,15,Crime Investigation,Rotational,110284,Active
350,KSPEMP000350,KSP-372273,Vaishnavi,Badal,Vaishnavi Badal,Female,1983-09-17,AB-,9886474882,vaishnavi.badal397@ksp.gov.in,ASI,Assistant Sub Inspector,2,Ballari,11,Ballari Central Police Station,2016-02-04,10,Intelligence,Day,65987,Active
351,KSPEMP000351,KSP-873291,Darika,Bala,Darika Bala,Male,1991-04-03,B-,9986403826,darika.bala806@ksp.gov.in,ASI,Assistant Sub Inspector,5,Bengaluru Urban,33,Electronic City Police Station,2004-04-03,22,Law & Order,Day,115680,Active
352,KSPEMP000352,KSP-904291,Charan,Srinivasan,Charan Srinivasan,Female,1977-03-08,A+,9876376013,charan.srinivasan446@ksp.gov.in,ASI,Assistant Sub Inspector,10,Chitradurga,69,Chitradurga North Police Station,2014-10-18,12,Narcotics,Night,159387,Active
353,KSPEMP000353,KSP-604884,Manbir,Kibe,Manbir Kibe,Male,1972-08-06,B+,9964884890,manbir.kibe633@ksp.gov.in,ASI,Assistant Sub Inspector,27,Udupi,161,Udupi East Police Station,2024-01-20,2,Law & Order,Rotational,117707,Active
354,KSPEMP000354,KSP-318379,Rayaan,Bahl,Rayaan Bahl,Male,1986-02-09,AB-,9989701833,rayaan.bahl647@ksp.gov.in,ASI,Assistant Sub Inspector,10,Chitradurga,69,Chitradurga North Police Station,2008-09-12,18,Women & Child,Rotational,137122,Active
355,KSPEMP000355,KSP-920347,Samar,Roy,Samar Roy,Male,1988-02-12,AB+,9968720838,samar.roy409@ksp.gov.in,ASI,Assistant Sub Inspector,22,Mysuru,132,Hebbal Police Station,2014-04-15,12,Law & Order,Night,80878,Active
356,KSPEMP000356,KSP-915572,David,Devi,David Devi,Male,1988-09-02,B-,9874045197,david.devi636@ksp.gov.in,ASI,Assistant Sub Inspector,25,Shivamogga,148,Shivamogga West Police Station,2012-10-26,14,Law & Order,Night,72563,Active
357,KSPEMP000357,KSP-962074,Krisha,Murthy,Krisha Murthy,Male,2003-02-15,B+,9887475096,krisha.murthy708@ksp.gov.in,ASI,Assistant Sub Inspector,2,Ballari,6,Ballari Town Police Station,2009-11-19,17,Women & Child,Night,157388,Active
358,KSPEMP000358,KSP-645865,Irya,Lalla,Irya Lalla,Male,1991-09-09,AB+,9875383123,irya.lalla551@ksp.gov.in,ASI,Assistant Sub Inspector,2,Ballari,11,Ballari Central Police Station,2002-02-17,24,Cyber Crime,Night,74143,Active
359,KSPEMP000359,KSP-115997,Arya,Misra,Arya Misra,Male,1978-12-23,A-,9885529851,arya.misra418@ksp.gov.in,ASI,Assistant Sub Inspector,5,Bengaluru Urban,33,Electronic City Police Station,2024-10-08,2,Cyber Crime,Night,176709,Active
360,KSPEMP000360,KSP-130401,Bhavya,Johal,Bhavya Johal,Male,1994-05-02,O-,9960303786,bhavya.johal806@ksp.gov.in,ASI,Assistant Sub Inspector,9,Chikkamagaluru,65,Chikkamagaluru North Police Station,2010-09-26,16,Cyber Crime,Rotational,128224,Active
361,KSPEMP000361,KSP-847528,Ikshita,Mahal,Ikshita Mahal,Male,1981-01-19,A-,9987508603,ikshita.mahal759@ksp.gov.in,ASI,Assistant Sub Inspector,29,Vijayanagara,171,Vijayanagara West Police Station,2013-03-09,13,Traffic,Night,158350,Active
362,KSPEMP000362,KSP-250703,Megha,Pai,Megha Pai,Male,2003-01-21,AB+,9893667840,megha.pai586@ksp.gov.in,ASI,Assistant Sub Inspector,18,Kodagu,109,Kodagu East Police Station,2019-11-21,7,Law & Order,Night,155911,Active
363,KSPEMP000363,KSP-905245,Brijesh,Mani,Brijesh Mani,Female,2003-01-30,AB-,9915547150,brijesh.mani409@ksp.gov.in,ASI,Assistant Sub Inspector,10,Chitradurga,67,Chitradurga East Police Station,1998-11-06,28,Crime Investigation,Night,143381,Active
364,KSPEMP000364,KSP-674566,Aahana,Srinivas,Aahana Srinivas,Male,1978-08-14,B+,9903385747,aahana.srinivas657@ksp.gov.in,ASI,Assistant Sub Inspector,15,Hassan,94,Hassan West Police Station,2020-07-25,6,Cyber Crime,Day,55419,Active
365,KSPEMP000365,KSP-219876,Anita,Devan,Anita Devan,Female,1975-02-28,O-,9895819018,anita.devan889@ksp.gov.in,Head Constable,Head Constable,26,Tumakuru,154,Tumakuru West Police Station,2018-01-15,8,Women & Child,Night,164576,Active
366,KSPEMP000366,KSP-194930,Xavier,Bedi,Xavier Bedi,Male,1993-08-29,B-,9981578764,xavier.bedi398@ksp.gov.in,Head Constable,Head Constable,17,Kalaburagi,105,Kalaburagi South Police Station,2011-12-15,15,Law & Order,Rotational,152220,Active
367,KSPEMP000367,KSP-414295,Charles,Chaudhry,Charles Chaudhry,Female,1985-03-12,AB+,9907995658,charles.chaudhry972@ksp.gov.in,Head Constable,Head Constable,8,Chikkaballapur,60,Chikkaballapur West Police Station,2017-05-11,9,Law & Order,Night,178886,Transferred
368,KSPEMP000368,KSP-837520,Laksh,Ahluwalia,Laksh Ahluwalia,Male,2003-05-21,AB-,9878827333,laksh.ahluwalia490@ksp.gov.in,Head Constable,Head Constable,5,Bengaluru Urban,48,Bellandur Police Station,2024-11-30,2,Crime Investigation,Day,80458,Active
369,KSPEMP000369,KSP-682401,Niharika,Soni,Niharika Soni,Male,1987-04-24,O+,9989819610,niharika.soni116@ksp.gov.in,Head Constable,Head Constable,28,Uttara Kannada,165,Uttara Kannada Town Police Station,2002-05-04,24,Law & Order,Night,149487,On Leave
370,KSPEMP000370,KSP-188776,Ekani,Mangal,Ekani Mangal,Male,1992-11-14,B+,9968886964,ekani.mangal534@ksp.gov.in,Head Constable,Head Constable,22,Mysuru,136,Udayagiri Police Station,2022-11-19,4,Crime Investigation,Night,135850,Active
371,KSPEMP000371,KSP-545405,Vincent,Warrior,Vincent Warrior,Male,1995-12-07,A+,9914772950,vincent.warrior138@ksp.gov.in,Head Constable,Head Constable,11,Dakshina Kannada,75,Dakshina Kannada Central Police Station,2021-03-19,5,Crime Investigation,Rotational,131620,Active
372,KSPEMP000372,KSP-824038,Parth,Sahni,Parth Sahni,Female,2000-09-01,A-,9887587255,parth.sahni724@ksp.gov.in,Head Constable,Head Constable,17,Kalaburagi,101,Kalaburagi Town Police Station,2001-08-26,25,Law & Order,Night,55468,Active
373,KSPEMP000373,KSP-742818,Mekhala,Tandon,Mekhala Tandon,Female,1977-09-14,A+,9895049533,mekhala.tandon917@ksp.gov.in,Head Constable,Head Constable,17,Kalaburagi,103,Kalaburagi West Police Station,2018-04-11,8,Law & Order,Day,44260,Active
374,KSPEMP000374,KSP-862285,Baljiwan,Andra,Baljiwan Andra,Female,1981-05-27,AB+,9876556270,baljiwan.andra596@ksp.gov.in,Head Constable,Head Constable,24,Ramanagara,144,Ramanagara West Police Station,2014-01-13,12,Law & Order,Rotational,55148,Active
375,KSPEMP000375,KSP-364294,Bhavani,Sha,Bhavani Sha,Female,2004-03-12,B+,9912801151,bhavani.sha557@ksp.gov.in,Head Constable,Head Constable,8,Chikkaballapur,58,Chikkaballapur Town Police Station,2012-04-23,14,Law & Order,Day,103485,Active
376,KSPEMP000376,KSP-608473,Krish,Thaman,Krish Thaman,Male,1987-01-01,B+,9985099588,krish.thaman870@ksp.gov.in,Head Constable,Head Constable,27,Udupi,164,Udupi South Police Station,2002-02-23,24,Intelligence,Night,97376,Active
377,KSPEMP000377,KSP-321099,Ganga,Gaba,Ganga Gaba,Male,1995-09-07,AB-,9876711337,ganga.gaba870@ksp.gov.in,Head Constable,Head Constable,12,Davanagere,79,Davanagere East Police Station,2015-05-10,11,Narcotics,Day,134562,Active
378,KSPEMP000378,KSP-597643,Akshay,Nazareth,Akshay Nazareth,Female,1997-08-26,AB+,9885427335,akshay.nazareth142@ksp.gov.in,Head Constable,Head Constable,10,Chitradurga,68,Chitradurga West Police Station,2013-01-07,13,Law & Order,Rotational,127753,Transferred
379,KSPEMP000379,KSP-740140,Parth,Ravi,Parth Ravi,Female,1998-11-05,AB+,9892825462,parth.ravi788@ksp.gov.in,Head Constable,Head Constable,26,Tumakuru,156,Tumakuru South Police Station,2011-07-01,15,Crime Investigation,Day,171302,Active
380,KSPEMP000380,KSP-428487,Nandini,Chandran,Nandini Chandran,Male,1977-08-27,A+,9960045637,nandini.chandran357@ksp.gov.in,Head Constable,Head Constable,21,Mandya,122,Mandya West Police Station,2000-08-19,26,Law & Order,Day,59101,Active
381,KSPEMP000381,KSP-728500,Yuvraj,Ahuja,Yuvraj Ahuja,Male,1980-02-29,A-,9969063768,yuvraj.ahuja289@ksp.gov.in,Head Constable,Head Constable,20,Koppal,119,Koppal North Police Station,2003-05-21,23,Women & Child,Rotational,83303,Active
382,KSPEMP000382,KSP-792561,Forum,Mittal,Forum Mittal,Female,1990-10-11,A-,9964976672,forum.mittal899@ksp.gov.in,Head Constable,Head Constable,9,Chikkamagaluru,64,Chikkamagaluru West Police Station,2013-03-02,13,Law & Order,Day,135348,Active
383,KSPEMP000383,KSP-370782,Jagvi,Keer,Jagvi Keer,Male,1973-08-09,AB+,9884496141,jagvi.keer887@ksp.gov.in,Head Constable,Head Constable,26,Tumakuru,152,Tumakuru Town Police Station,1999-12-26,27,Crime Investigation,Rotational,62852,Transferred
384,KSPEMP000384,KSP-208304,Nathaniel,Ravi,Nathaniel Ravi,Female,1994-03-13,A+,9870770460,nathaniel.ravi138@ksp.gov.in,Head Constable,Head Constable,4,Bengaluru Rural,23,Bengaluru Rural Town Police Station,2023-04-29,3,Cyber Crime,Night,74742,Active
385,KSPEMP000385,KSP-702553,Jacob,Merchant,Jacob Merchant,Female,1983-09-08,A+,9917744780,jacob.merchant331@ksp.gov.in,Head Constable,Head Constable,5,Bengaluru Urban,44,Kengeri Police Station,2002-12-17,24,Law & Order,Rotational,161370,Active
386,KSPEMP000386,KSP-449636,Vanya,Dua,Vanya Dua,Female,1986-07-27,AB+,9900963838,vanya.dua878@ksp.gov.in,Head Constable,Head Constable,28,Uttara Kannada,166,Uttara Kannada East Police Station,2025-03-25,1,Traffic,Rotational,88246,Active
387,KSPEMP000387,KSP-502824,Ojasvi,Sinha,Ojasvi Sinha,Male,1996-07-19,B-,9896863067,ojasvi.sinha243@ksp.gov.in,Head Constable,Head Constable,22,Mysuru,134,Krishnaraja Police Station,2019-10-24,7,Law & Order,Day,97517,Active
388,KSPEMP000388,KSP-931247,Yug,Bumb,Yug Bumb,Male,1988-11-23,AB+,9905849007,yug.bumb143@ksp.gov.in,Head Constable,Head Constable,15,Hassan,92,Hassan Town Police Station,2011-11-15,15,Crime Investigation,Day,172132,Active
389,KSPEMP000389,KSP-877048,Faras,Choudhury,Faras Choudhury,Male,1973-08-05,B-,9870164907,faras.choudhury233@ksp.gov.in,Head Constable,Head Constable,22,Mysuru,136,Udayagiri Police Station,2012-06-08,14,Law & Order,Rotational,48096,Transferred
390,KSPEMP000390,KSP-578344,Mason,Gala,Mason Gala,Male,1982-05-20,B+,9985814728,mason.gala536@ksp.gov.in,Head Constable,Head Constable,3,Belagavi,19,APMC Police Station,2011-08-24,15,Law & Order,Rotational,140384,Active
391,KSPEMP000391,KSP-437211,Samesh,Suresh,Samesh Suresh,Male,1974-07-23,B-,9980102713,samesh.suresh268@ksp.gov.in,Head Constable,Head Constable,2,Ballari,8,Ballari West Police Station,2011-05-10,15,Crime Investigation,Rotational,45668,Active
392,KSPEMP000392,KSP-915437,Sudiksha,Deo,Sudiksha Deo,Female,1988-06-29,B+,9878009752,sudiksha.deo810@ksp.gov.in,Head Constable,Head Constable,1,Bagalkote,4,Bagalkote North Police Station,2009-10-20,17,Women & Child,Night,68264,Active
393,KSPEMP000393,KSP-648496,Turvi,Morar,Turvi Morar,Female,1995-06-04,O-,9902165760,turvi.morar946@ksp.gov.in,Head Constable,Head Constable,11,Dakshina Kannada,73,Dakshina Kannada North Police Station,2008-01-14,18,Traffic,Night,144782,Active
394,KSPEMP000394,KSP-301224,Tejas,Bora,Tejas Bora,Male,1973-01-18,A-,9919689546,tejas.bora313@ksp.gov.in,Head Constable,Head Constable,5,Bengaluru Urban,43,Mahadevapura Police Station,2006-07-19,20,Law & Order,Day,64538,Active
395,KSPEMP000395,KSP-621682,Darpan,Biswas,Darpan Biswas,Female,2004-02-05,B+,9886062438,darpan.biswas876@ksp.gov.in,Head Constable,Head Constable,9,Chikkamagaluru,64,Chikkamagaluru West Police Station,2010-03-31,16,Crime Investigation,Day,48751,Transferred
396,KSPEMP000396,KSP-265722,Nilima,Gole,Nilima Gole,Male,1996-12-06,A+,9905024547,nilima.gole433@ksp.gov.in,Head Constable,Head Constable,25,Shivamogga,146,Shivamogga Town Police Station,2018-10-06,8,Law & Order,Day,120493,Active
397,KSPEMP000397,KSP-873584,Kavya,Raja,Kavya Raja,Male,1986-05-11,O+,9981805042,kavya.raja724@ksp.gov.in,Head Constable,Head Constable,26,Tumakuru,157,Tumakuru Central Police Station,2023-02-25,3,Crime Investigation,Night,132906,Active
398,KSPEMP000398,KSP-762722,Keya,Buch,Keya Buch,Male,1994-01-31,AB-,9892160184,keya.buch275@ksp.gov.in,Head Constable,Head Constable,21,Mandya,120,Mandya Town Police Station,2015-09-30,11,Traffic,Day,112374,Active
399,KSPEMP000399,KSP-706204,Ijaya,Dani,Ijaya Dani,Male,1977-06-12,B-,9874582440,ijaya.dani538@ksp.gov.in,Head Constable,Head Constable,3,Belagavi,19,APMC Police Station,2012-02-19,14,Traffic,Day,99967,Active
400,KSPEMP000400,KSP-720517,Udant,Aggarwal,Udant Aggarwal,Male,1996-07-05,B+,9918409754,udant.aggarwal503@ksp.gov.in,Head Constable,Head Constable,11,Dakshina Kannada,70,Dakshina Kannada Town Police Station,2024-12-06,2,Crime Investigation,Rotational,60689,Active
401,KSPEMP000401,KSP-187127,Panini,Wali,Panini Wali,Male,1984-01-27,A+,9967912604,panini.wali412@ksp.gov.in,Head Constable,Head Constable,3,Belagavi,19,APMC Police Station,2003-03-20,23,Law & Order,Night,41399,On Leave
402,KSPEMP000402,KSP-909327,Hiral,Dubey,Hiral Dubey,Female,1980-08-26,B+,9987186706,hiral.dubey494@ksp.gov.in,Head Constable,Head Constable,8,Chikkaballapur,60,Chikkaballapur West Police Station,2023-09-28,3,Women & Child,Night,174177,Active
403,KSPEMP000403,KSP-889460,Azad,Saini,Azad Saini,Female,1991-11-06,AB+,9969577087,azad.saini156@ksp.gov.in,Head Constable,Head Constable,19,Kolar,114,Kolar West Police Station,2023-09-15,3,Crime Investigation,Rotational,130417,Active
404,KSPEMP000404,KSP-501557,Wridesh,Jhaveri,Wridesh Jhaveri,Male,1973-10-11,AB-,9906315072,wridesh.jhaveri442@ksp.gov.in,Head Constable,Head Constable,5,Bengaluru Urban,30,Hebbal Police Station,2013-10-12,13,Law & Order,Day,160434,Active
405,KSPEMP000405,KSP-889759,Chanakya,Konda,Chanakya Konda,Male,1995-12-29,B-,9893262034,chanakya.konda639@ksp.gov.in,Head Constable,Head Constable,28,Uttara Kannada,165,Uttara Kannada Town Police Station,2008-03-21,18,Women & Child,Night,174435,Active
406,KSPEMP000406,KSP-573933,Teerth,Bhalla,Teerth Bhalla,Female,1976-03-07,AB-,9986698180,teerth.bhalla500@ksp.gov.in,Head Constable,Head Constable,5,Bengaluru Urban,27,Ashok Nagar Police Station,2025-05-13,1,Women & Child,Night,55171,Active
407,KSPEMP000407,KSP-217466,Eiravati,Nagi,Eiravati Nagi,Female,1979-05-17,B+,9901290469,eiravati.nagi585@ksp.gov.in,Head Constable,Head Constable,12,Davanagere,79,Davanagere East Police Station,2021-12-19,5,Law & Order,Night,40631,Active
408,KSPEMP000408,KSP-123107,Odika,Mital,Odika Mital,Male,1980-08-20,B-,9989643635,odika.mital813@ksp.gov.in,Head Constable,Head Constable,5,Bengaluru Urban,27,Ashok Nagar Police Station,2012-09-12,14,Crime Investigation,Rotational,151721,Active
409,KSPEMP000409,KSP-927691,Prisha,Tandon,Prisha Tandon,Male,1973-02-07,AB+,9887232812,prisha.tandon270@ksp.gov.in,Head Constable,Head Constable,9,Chikkamagaluru,65,Chikkamagaluru North Police Station,2006-07-18,20,Cyber Crime,Day,175330,Active
410,KSPEMP000410,KSP-980103,Eiravati,Saha,Eiravati Saha,Male,1985-01-10,B+,9882031215,eiravati.saha135@ksp.gov.in,Head Constable,Head Constable,13,Dharwad,87,Dharwad Central Police Station,2005-04-02,21,Cyber Crime,Night,73782,Active
411,KSPEMP000411,KSP-659565,Urvashi,Khosla,Urvashi Khosla,Male,1999-08-02,AB+,9879441430,urvashi.khosla856@ksp.gov.in,Head Constable,Head Constable,18,Kodagu,111,Kodagu North Police Station,2005-04-11,21,Crime Investigation,Rotational,121843,Active
412,KSPEMP000412,KSP-596931,Ubika,Bhardwaj,Ubika Bhardwaj,Female,1990-02-11,AB+,9989515946,ubika.bhardwaj849@ksp.gov.in,Head Constable,Head Constable,13,Dharwad,83,Dharwad East Police Station,2024-08-14,2,Crime Investigation,Day,71548,Active
413,KSPEMP000413,KSP-423047,Lipika,Kibe,Lipika Kibe,Male,1979-12-21,A+,9906233615,lipika.kibe900@ksp.gov.in,Head Constable,Head Constable,5,Bengaluru Urban,48,Bellandur Police Station,2006-02-18,20,Narcotics,Night,86305,Active
414,KSPEMP000414,KSP-809952,Rayaan,Behl,Rayaan Behl,Female,1980-05-31,A-,9913465063,rayaan.behl833@ksp.gov.in,Head Constable,Head Constable,18,Kodagu,108,Kodagu Town Police Station,2016-02-03,10,Women & Child,Night,136217,Active
415,KSPEMP000415,KSP-461675,Elijah,Guha,Elijah Guha,Female,1998-02-09,AB-,9899807498,elijah.guha395@ksp.gov.in,Head Constable,Head Constable,3,Belagavi,21,Udyambag Police Station,2013-08-05,13,Law & Order,Rotational,146105,Active
416,KSPEMP000416,KSP-246347,Varenya,Joshi,Varenya Joshi,Female,2000-03-31,A-,9882489097,varenya.joshi190@ksp.gov.in,Head Constable,Head Constable,5,Bengaluru Urban,45,KR Puram Police Station,2006-03-18,20,Law & Order,Rotational,106651,Active
417,KSPEMP000417,KSP-844747,Siddharth,Gupta,Siddharth Gupta,Female,2003-04-21,B+,9881350883,siddharth.gupta672@ksp.gov.in,Head Constable,Head Constable,10,Chitradurga,69,Chitradurga North Police Station,1999-12-16,27,Traffic,Day,42035,Active
418,KSPEMP000418,KSP-375436,Xavier,Jayaraman,Xavier Jayaraman,Male,1984-08-23,AB+,9968468446,xavier.jayaraman350@ksp.gov.in,Head Constable,Head Constable,24,Ramanagara,145,Ramanagara North Police Station,2003-06-30,23,Law & Order,Night,164250,On Leave
419,KSPEMP000419,KSP-727983,Barkha,Rai,Barkha Rai,Male,1986-12-10,AB-,9914426983,barkha.rai850@ksp.gov.in,Head Constable,Head Constable,5,Bengaluru Urban,41,BTM Layout Police Station,2015-05-15,11,Crime Investigation,Night,77689,Active
420,KSPEMP000420,KSP-435209,Advika,Parsa,Advika Parsa,Male,1988-06-23,O-,9961124932,advika.parsa642@ksp.gov.in,Head Constable,Head Constable,9,Chikkamagaluru,62,Chikkamagaluru Town Police Station,2010-12-23,16,Cyber Crime,Day,169707,Active
421,KSPEMP000421,KSP-901834,Upasna,Nagarajan,Upasna Nagarajan,Male,2001-09-23,A-,9917588636,upasna.nagarajan804@ksp.gov.in,Head Constable,Head Constable,25,Shivamogga,149,Shivamogga North Police Station,2007-04-22,19,Law & Order,Rotational,127177,Active
422,KSPEMP000422,KSP-243601,Chakradev,Kant,Chakradev Kant,Male,1996-01-07,AB+,9897491258,chakradev.kant914@ksp.gov.in,Head Constable,Head Constable,25,Shivamogga,150,Shivamogga South Police Station,1997-01-09,29,Women & Child,Rotational,172796,Active
423,KSPEMP000423,KSP-537619,Chakrika,Dua,Chakrika Dua,Male,1978-01-11,O-,9871103614,chakrika.dua711@ksp.gov.in,Head Constable,Head Constable,26,Tumakuru,157,Tumakuru Central Police Station,2003-03-24,23,Crime Investigation,Night,80143,Active
424,KSPEMP000424,KSP-880623,Xalak,Nazareth,Xalak Nazareth,Male,1980-01-18,A-,9881663294,xalak.nazareth881@ksp.gov.in,Head Constable,Head Constable,3,Belagavi,20,Fort Police Station,2020-05-19,6,Traffic,Day,39929,Active
425,KSPEMP000425,KSP-144582,Triveni,Ganguly,Triveni Ganguly,Female,1995-09-27,B-,9870654903,triveni.ganguly110@ksp.gov.in,Head Constable,Head Constable,15,Hassan,92,Hassan Town Police Station,2006-10-08,20,Traffic,Day,88844,Active
426,KSPEMP000426,KSP-293757,Vrinda,Gour,Vrinda Gour,Male,2001-10-24,AB-,9870899315,vrinda.gour846@ksp.gov.in,Head Constable,Head Constable,13,Dharwad,87,Dharwad Central Police Station,2012-04-11,14,Cyber Crime,Rotational,52914,Active
427,KSPEMP000427,KSP-654527,Bahadurjit,Borde,Bahadurjit Borde,Male,2002-09-30,B-,9961295902,bahadurjit.borde616@ksp.gov.in,Head Constable,Head Constable,31,Yadgir,181,Yadgir North Police Station,2015-12-07,11,Women & Child,Night,131066,Active
428,KSPEMP000428,KSP-561023,Nitara,Devan,Nitara Devan,Male,1999-05-12,A-,9888945473,nitara.devan577@ksp.gov.in,Head Constable,Head Constable,12,Davanagere,81,Davanagere North Police Station,2003-04-08,23,Law & Order,Day,164975,Active
429,KSPEMP000429,KSP-684195,Aditya,Kamdar,Aditya Kamdar,Female,1988-03-30,A+,9873126394,aditya.kamdar667@ksp.gov.in,Head Constable,Head Constable,2,Ballari,12,Ballari Market Police Station,2007-05-18,19,Crime Investigation,Night,84488,Active
430,KSPEMP000430,KSP-812120,Vinaya,Babu,Vinaya Babu,Female,1971-10-10,AB-,9880663561,vinaya.babu504@ksp.gov.in,Head Constable,Head Constable,5,Bengaluru Urban,40,Banashankari Police Station,2012-07-21,14,Crime Investigation,Rotational,61665,Active
431,KSPEMP000431,KSP-167853,Anay,Wagle,Anay Wagle,Male,1995-05-22,AB-,9883591872,anay.wagle830@ksp.gov.in,Head Constable,Head Constable,23,Raichur,138,Raichur East Police Station,2012-02-03,14,Traffic,Rotational,106558,Active
432,KSPEMP000432,KSP-473395,Anay,Thakkar,Anay Thakkar,Female,1998-05-22,O-,9966442712,anay.thakkar609@ksp.gov.in,Head Constable,Head Constable,1,Bagalkote,5,Bagalkote South Police Station,2016-02-07,10,Law & Order,Day,42791,Active
433,KSPEMP000433,KSP-970645,Hredhaan,Char,Hredhaan Char,Male,1988-11-10,A-,9906936160,hredhaan.char178@ksp.gov.in,Head Constable,Head Constable,1,Bagalkote,1,Bagalkote Town Police Station,2003-07-18,23,Cyber Crime,Rotational,164024,Active
434,KSPEMP000434,KSP-407823,Irya,Loke,Irya Loke,Male,1997-10-15,O-,9905585079,irya.loke221@ksp.gov.in,Head Constable,Head Constable,5,Bengaluru Urban,35,Yelahanka Police Station,1998-11-05,28,Law & Order,Night,133654,Active
435,KSPEMP000435,KSP-134455,Tripti,Kohli,Tripti Kohli,Male,2004-03-26,B+,9916781433,tripti.kohli882@ksp.gov.in,Police Constable,Police Constable,11,Dakshina Kannada,75,Dakshina Kannada Central Police Station,2003-02-08,23,Law & Order,Rotational,163595,Active
436,KSPEMP000436,KSP-599028,Azad,Chander,Azad Chander,Female,1984-12-05,B+,9910253672,azad.chander162@ksp.gov.in,Police Constable,Police Constable,30,Vijayapura,173,Vijayapura Town Police Station,2007-06-29,19,Law & Order,Day,68606,Active
437,KSPEMP000437,KSP-948878,Daksh,Andra,Daksh Andra,Female,1994-10-01,A+,9988303336,daksh.andra353@ksp.gov.in,Police Constable,Police Constable,12,Davanagere,80,Davanagere West Police Station,1998-12-14,28,Law & Order,Night,57266,Transferred
438,KSPEMP000438,KSP-419723,Garima,Chandran,Garima Chandran,Male,2001-01-30,A-,9891506454,garima.chandran120@ksp.gov.in,Police Constable,Police Constable,29,Vijayanagara,172,Vijayanagara North Police Station,2023-03-18,3,Cyber Crime,Rotational,40829,On Leave
439,KSPEMP000439,KSP-698059,Siddharth,Soman,Siddharth Soman,Female,1980-07-02,O+,9895816357,siddharth.soman447@ksp.gov.in,Police Constable,Police Constable,19,Kolar,114,Kolar West Police Station,2023-05-10,3,Law & Order,Night,130245,Transferred
440,KSPEMP000440,KSP-621091,Bachittar,Gola,Bachittar Gola,Male,2002-03-16,A-,9988222586,bachittar.gola194@ksp.gov.in,Police Constable,Police Constable,3,Belagavi,16,Shahapur Police Station,2005-09-04,21,Traffic,Rotational,59833,Active
441,KSPEMP000441,KSP-170537,Maanas,Rao,Maanas Rao,Female,2002-03-17,O-,9902763845,maanas.rao304@ksp.gov.in,Police Constable,Police Constable,1,Bagalkote,1,Bagalkote Town Police Station,2005-03-26,21,Crime Investigation,Night,170100,Active
442,KSPEMP000442,KSP-119506,Lopa,Zachariah,Lopa Zachariah,Male,1982-07-03,B+,9914689268,lopa.zachariah973@ksp.gov.in,Police Constable,Police Constable,5,Bengaluru Urban,45,KR Puram Police Station,2018-06-20,8,Traffic,Night,50697,Active
443,KSPEMP000443,KSP-584952,Farhan,Tella,Farhan Tella,Female,1996-02-26,B+,9881634380,farhan.tella308@ksp.gov.in,Police Constable,Police Constable,5,Bengaluru Urban,36,HAL Police Station,2006-08-02,20,Women & Child,Night,110247,Active
444,KSPEMP000444,KSP-820219,Rajeshri,Kata,Rajeshri Kata,Female,1999-03-26,B-,9902107349,rajeshri.kata532@ksp.gov.in,Police Constable,Police Constable,11,Dakshina Kannada,72,Dakshina Kannada West Police Station,2006-06-07,20,Cyber Crime,Day,87950,Active
445,KSPEMP000445,KSP-130557,Eta,Balan,Eta Balan,Male,1992-06-25,AB+,9988618940,eta.balan980@ksp.gov.in,Police Constable,Police Constable,8,Chikkaballapur,59,Chikkaballapur East Police Station,2019-04-12,7,Women & Child,Night,113113,Active
446,KSPEMP000446,KSP-481088,Vritti,Kari,Vritti Kari,Female,1983-04-19,A-,9909711795,vritti.kari948@ksp.gov.in,Police Constable,Police Constable,22,Mysuru,128,Alanahalli Police Station,2023-11-06,3,Crime Investigation,Rotational,101009,Active
447,KSPEMP000447,KSP-349641,Quincy,Rai,Quincy Rai,Male,1974-05-20,A-,9988353724,quincy.rai247@ksp.gov.in,Police Constable,Police Constable,8,Chikkaballapur,60,Chikkaballapur West Police Station,2014-06-30,12,Law & Order,Day,106970,Active
448,KSPEMP000448,KSP-718115,Ethan,Butala,Ethan Butala,Female,1980-05-25,A+,9905615422,ethan.butala903@ksp.gov.in,Police Constable,Police Constable,25,Shivamogga,150,Shivamogga South Police Station,2007-07-29,19,Narcotics,Night,159576,Active
449,KSPEMP000449,KSP-122097,Lopa,Nadig,Lopa Nadig,Female,1983-06-17,A+,9987709623,lopa.nadig754@ksp.gov.in,Police Constable,Police Constable,29,Vijayanagara,170,Vijayanagara East Police Station,1999-03-18,27,Intelligence,Night,66995,Active
450,KSPEMP000450,KSP-999308,Sai,Parsa,Sai Parsa,Male,1996-09-05,O-,9900999397,sai.parsa404@ksp.gov.in,Police Constable,Police Constable,17,Kalaburagi,103,Kalaburagi West Police Station,1999-07-09,27,Law & Order,Day,150040,Active
451,KSPEMP000451,KSP-927659,Rachit,Sankar,Rachit Sankar,Female,1986-05-14,A+,9898894487,rachit.sankar997@ksp.gov.in,Police Constable,Police Constable,27,Udupi,163,Udupi North Police Station,2012-08-22,14,Narcotics,Day,77033,Active
452,KSPEMP000452,KSP-468948,Harshil,Bal,Harshil Bal,Male,1974-07-07,O+,9917536761,harshil.bal554@ksp.gov.in,Police Constable,Police Constable,3,Belagavi,20,Fort Police Station,2012-08-17,14,Traffic,Day,35806,Active
453,KSPEMP000453,KSP-428961,Lekha,Arora,Lekha Arora,Female,1981-03-09,A-,9871598786,lekha.arora911@ksp.gov.in,Police Constable,Police Constable,5,Bengaluru Urban,45,KR Puram Police Station,2007-10-20,19,Narcotics,Night,160400,Active
454,KSPEMP000454,KSP-373342,Xavier,Verma,Xavier Verma,Male,1977-02-24,B+,9965320333,xavier.verma954@ksp.gov.in,Police Constable,Police Constable,12,Davanagere,78,Davanagere Town Police Station,2007-08-06,19,Women & Child,Day,40435,Transferred
455,KSPEMP000455,KSP-193298,Amruta,Mitra,Amruta Mitra,Male,1980-05-31,O-,9882806619,amruta.mitra274@ksp.gov.in,Police Constable,Police Constable,3,Belagavi,16,Shahapur Police Station,2000-10-14,26,Narcotics,Day,38700,Active
456,KSPEMP000456,KSP-910926,Radhika,Majumdar,Radhika Majumdar,Female,1985-06-14,O-,9986171872,radhika.majumdar606@ksp.gov.in,Police Constable,Police Constable,25,Shivamogga,150,Shivamogga South Police Station,2010-08-06,16,Law & Order,Night,89160,Active
457,KSPEMP000457,KSP-862008,Jalsa,Krishnamurthy,Jalsa Krishnamurthy,Female,2002-09-18,B-,9901709242,jalsa.krishnamurthy696@ksp.gov.in,Police Constable,Police Constable,31,Yadgir,180,Yadgir West Police Station,2017-06-17,9,Cyber Crime,Night,57475,Active
458,KSPEMP000458,KSP-438947,Rohan,Shankar,Rohan Shankar,Male,1975-02-01,O+,9962345050,rohan.shankar340@ksp.gov.in,Police Constable,Police Constable,6,Bidar,53,Bidar South Police Station,2005-05-22,21,Crime Investigation,Night,46930,Active
459,KSPEMP000459,KSP-417201,Gaurangi,Rai,Gaurangi Rai,Female,1998-02-02,O+,9963955259,gaurangi.rai998@ksp.gov.in,Police Constable,Police Constable,2,Ballari,7,Ballari East Police Station,2006-02-10,20,Crime Investigation,Day,118182,Active
460,KSPEMP000460,KSP-248683,Qushi,Deshpande,Qushi Deshpande,Female,1981-06-21,AB+,9873949234,qushi.deshpande997@ksp.gov.in,Police Constable,Police Constable,10,Chitradurga,67,Chitradurga East Police Station,2014-01-18,12,Law & Order,Night,170521,Active
461,KSPEMP000461,KSP-430870,Varenya,Murthy,Varenya Murthy,Male,1977-06-02,O-,9989596410,varenya.murthy287@ksp.gov.in,Police Constable,Police Constable,25,Shivamogga,148,Shivamogga West Police Station,2008-02-08,18,Law & Order,Night,77874,Active
462,KSPEMP000462,KSP-221660,Bishakha,Swaminathan,Bishakha Swaminathan,Female,2003-06-29,O-,9874954171,bishakha.swaminathan457@ksp.gov.in,Police Constable,Police Constable,25,Shivamogga,146,Shivamogga Town Police Station,2019-03-26,7,Law & Order,Night,82357,Active
463,KSPEMP000463,KSP-690607,Krisha,Mand,Krisha Mand,Female,1998-07-02,B-,9919071924,krisha.mand196@ksp.gov.in,Police Constable,Police Constable,7,Chamarajanagar,56,Chamarajanagar West Police Station,2007-12-13,19,Women & Child,Day,109522,Active
464,KSPEMP000464,KSP-513316,Ryan,Gole,Ryan Gole,Male,1994-01-19,AB-,9919130474,ryan.gole743@ksp.gov.in,Police Constable,Police Constable,16,Haveri,100,Haveri North Police Station,2012-07-04,14,Intelligence,Rotational,36521,Active
465,KSPEMP000465,KSP-788047,Shaurya,Sarma,Shaurya Sarma,Male,1997-11-17,O-,9899997188,shaurya.sarma389@ksp.gov.in,Police Constable,Police Constable,8,Chikkaballapur,61,Chikkaballapur North Police Station,2020-08-29,6,Law & Order,Day,53539,Active
466,KSPEMP000466,KSP-197046,Nilima,Tata,Nilima Tata,Female,1976-02-24,O+,9891980817,nilima.tata391@ksp.gov.in,Police Constable,Police Constable,15,Hassan,94,Hassan West Police Station,2005-05-03,21,Cyber Crime,Rotational,75405,Active
467,KSPEMP000467,KSP-940014,Mitesh,Sampath,Mitesh Sampath,Female,1997-08-05,O+,9968361685,mitesh.sampath601@ksp.gov.in,Police Constable,Police Constable,12,Davanagere,81,Davanagere North Police Station,1998-09-13,28,Crime Investigation,Night,159895,Active
468,KSPEMP000468,KSP-194604,Nandini,Warrior,Nandini Warrior,Female,1988-04-10,O+,9983160596,nandini.warrior763@ksp.gov.in,Police Constable,Police Constable,22,Mysuru,133,Jayalakshmipuram Police Station,2023-03-31,3,Cyber Crime,Day,164845,Active
469,KSPEMP000469,KSP-404824,Balhaar,Parsa,Balhaar Parsa,Male,1994-09-16,O-,9900839632,balhaar.parsa537@ksp.gov.in,Police Constable,Police Constable,22,Mysuru,130,Saraswathipuram Police Station,2020-02-10,6,Law & Order,Day,179439,Active
470,KSPEMP000470,KSP-638354,Ikbal,Kothari,Ikbal Kothari,Male,1993-04-04,A-,9914065220,ikbal.kothari615@ksp.gov.in,Police Constable,Police Constable,5,Bengaluru Urban,39,Peenya Police Station,2006-11-07,20,Law & Order,Rotational,156340,Active
471,KSPEMP000471,KSP-983855,Mugdha,Narula,Mugdha Narula,Male,2003-06-04,O+,9870825466,mugdha.narula371@ksp.gov.in,Police Constable,Police Constable,13,Dharwad,83,Dharwad East Police Station,2009-01-14,17,Law & Order,Day,90330,Active
472,KSPEMP000472,KSP-806120,Guneet,Kuruvilla,Guneet Kuruvilla,Female,1978-11-18,A-,9905011468,guneet.kuruvilla862@ksp.gov.in,Police Constable,Police Constable,23,Raichur,139,Raichur West Police Station,2018-03-19,8,Cyber Crime,Night,114377,Active
473,KSPEMP000473,KSP-824211,Sanaya,Prasad,Sanaya Prasad,Female,1984-06-18,O+,9983101098,sanaya.prasad314@ksp.gov.in,Police Constable,Police Constable,3,Belagavi,21,Udyambag Police Station,2018-12-14,8,Crime Investigation,Day,98381,Active
474,KSPEMP000474,KSP-190275,Hemani,Bakshi,Hemani Bakshi,Male,1987-06-27,AB+,9984401179,hemani.bakshi582@ksp.gov.in,Police Constable,Police Constable,25,Shivamogga,151,Shivamogga Central Police Station,2005-02-14,21,Law & Order,Night,98603,Active
475,KSPEMP000475,KSP-153395,Jack,Dhar,Jack Dhar,Female,1983-01-19,AB-,9871844457,jack.dhar397@ksp.gov.in,Police Constable,Police Constable,5,Bengaluru Urban,31,Jayanagar Police Station,2006-07-03,20,Law & Order,Night,162428,Active
476,KSPEMP000476,KSP-343170,Vasudha,Pall,Vasudha Pall,Female,1987-04-09,A+,9910552681,vasudha.pall737@ksp.gov.in,Police Constable,Police Constable,7,Chamarajanagar,55,Chamarajanagar East Police Station,2009-04-06,17,Narcotics,Night,152525,Active
477,KSPEMP000477,KSP-269170,Eiravati,Bhavsar,Eiravati Bhavsar,Male,1981-06-19,AB+,9961322936,eiravati.bhavsar962@ksp.gov.in,Police Constable,Police Constable,22,Mysuru,129,Lashkar Police Station,2020-01-19,6,Traffic,Night,69382,Active
478,KSPEMP000478,KSP-537110,Arin,Oza,Arin Oza,Female,1992-12-08,AB-,9984912604,arin.oza277@ksp.gov.in,Police Constable,Police Constable,13,Dharwad,87,Dharwad Central Police Station,2016-03-11,10,Law & Order,Rotational,164023,Active
479,KSPEMP000479,KSP-617708,Yagnesh,Varty,Yagnesh Varty,Female,1977-04-24,AB+,9882008318,yagnesh.varty615@ksp.gov.in,Police Constable,Police Constable,22,Mysuru,135,Mandi Police Station,2001-03-14,25,Law & Order,Day,123535,Active
480,KSPEMP000480,KSP-226550,Turvi,Kata,Turvi Kata,Male,1997-11-18,B-,9902330821,turvi.kata806@ksp.gov.in,Police Constable,Police Constable,26,Tumakuru,153,Tumakuru East Police Station,2014-10-26,12,Women & Child,Rotational,62300,Active
481,KSPEMP000481,KSP-937798,Rachana,Randhawa,Rachana Randhawa,Female,1972-07-08,O-,9987976815,rachana.randhawa619@ksp.gov.in,Police Constable,Police Constable,11,Dakshina Kannada,77,Dakshina Kannada Rural Police Station,2014-05-13,12,Law & Order,Rotational,65948,Active
482,KSPEMP000482,KSP-264660,Shivani,Sanghvi,Shivani Sanghvi,Female,1984-05-21,AB+,9964570631,shivani.sanghvi968@ksp.gov.in,Police Constable,Police Constable,6,Bidar,52,Bidar North Police Station,2016-12-28,10,Law & Order,Night,36726,Active
483,KSPEMP000483,KSP-457900,Arya,Bhatnagar,Arya Bhatnagar,Female,1990-08-10,AB+,9911274627,arya.bhatnagar642@ksp.gov.in,Police Constable,Police Constable,26,Tumakuru,153,Tumakuru East Police Station,2019-09-28,7,Crime Investigation,Day,71174,Active
484,KSPEMP000484,KSP-529191,Jasmit,Nanda,Jasmit Nanda,Female,1978-01-22,O-,9985694775,jasmit.nanda171@ksp.gov.in,Police Constable,Police Constable,28,Uttara Kannada,168,Uttara Kannada North Police Station,1999-11-11,27,Law & Order,Night,140290,On Leave
485,KSPEMP000485,KSP-555157,Dhriti,Rama,Dhriti Rama,Male,1991-09-24,A+,9907669067,dhriti.rama776@ksp.gov.in,Police Constable,Police Constable,13,Dharwad,83,Dharwad East Police Station,2013-07-30,13,Women & Child,Night,144918,Active
486,KSPEMP000486,KSP-856601,Indira,Shankar,Indira Shankar,Female,1991-12-06,AB-,9890259742,indira.shankar657@ksp.gov.in,Police Constable,Police Constable,5,Bengaluru Urban,37,Indiranagar Police Station,2020-02-26,6,Cyber Crime,Rotational,150905,Active
487,KSPEMP000487,KSP-913066,Frado,Desai,Frado Desai,Female,1981-11-21,B-,9890537855,frado.desai318@ksp.gov.in,Police Constable,Police Constable,23,Raichur,141,Raichur South Police Station,2003-06-22,23,Law & Order,Rotational,116855,Active
488,KSPEMP000488,KSP-124559,Qadim,Prakash,Qadim Prakash,Male,1994-06-09,A+,9985283457,qadim.prakash961@ksp.gov.in,Police Constable,Police Constable,27,Udupi,162,Udupi West Police Station,2011-05-15,15,Law & Order,Rotational,168037,Active
489,KSPEMP000489,KSP-893310,Lakshit,Rajagopal,Lakshit Rajagopal,Male,1985-07-07,A-,9902749895,lakshit.rajagopal742@ksp.gov.in,Police Constable,Police Constable,30,Vijayapura,175,Vijayapura West Police Station,2010-09-01,16,Cyber Crime,Rotational,96299,Active
490,KSPEMP000490,KSP-799318,Ojas,Suri,Ojas Suri,Female,1981-02-01,B+,9963715174,ojas.suri250@ksp.gov.in,Police Constable,Police Constable,25,Shivamogga,147,Shivamogga East Police Station,2001-12-24,25,Traffic,Night,56481,Active
491,KSPEMP000491,KSP-236381,Chatresh,Parmer,Chatresh Parmer,Female,2002-12-19,O-,9884355532,chatresh.parmer610@ksp.gov.in,Police Constable,Police Constable,30,Vijayapura,174,Vijayapura East Police Station,2010-08-10,16,Cyber Crime,Night,163330,Active
492,KSPEMP000492,KSP-963829,Leena,Tiwari,Leena Tiwari,Female,1993-02-08,B+,9885449556,leena.tiwari566@ksp.gov.in,Police Constable,Police Constable,21,Mandya,124,Mandya South Police Station,2008-06-02,18,Crime Investigation,Rotational,76114,Transferred
493,KSPEMP000493,KSP-224535,Ojasvi,Sawhney,Ojasvi Sawhney,Female,1987-09-07,O+,9871501393,ojasvi.sawhney597@ksp.gov.in,Police Constable,Police Constable,22,Mysuru,125,Vijayanagar Police Station,1998-12-14,28,Law & Order,Day,72261,Active
494,KSPEMP000494,KSP-151014,Thomas,Master,Thomas Master,Female,1972-08-20,AB+,9892841384,thomas.master686@ksp.gov.in,Police Constable,Police Constable,22,Mysuru,134,Krishnaraja Police Station,2003-01-28,23,Law & Order,Night,123558,Active
495,KSPEMP000495,KSP-974994,Om,Shankar,Om Shankar,Female,1990-03-22,B+,9981676170,om.shankar739@ksp.gov.in,Police Constable,Police Constable,10,Chitradurga,66,Chitradurga Town Police Station,2018-12-16,8,Cyber Crime,Night,136511,Active
496,KSPEMP000496,KSP-455465,Yasti,Chowdhury,Yasti Chowdhury,Female,1990-06-15,A+,9968768757,yasti.chowdhury824@ksp.gov.in,Police Constable,Police Constable,26,Tumakuru,158,Tumakuru Market Police Station,2004-04-28,22,Law & Order,Rotational,67448,Active
497,KSPEMP000497,KSP-301774,Benjamin,Sastry,Benjamin Sastry,Male,1989-08-02,A+,9915750659,benjamin.sastry381@ksp.gov.in,Police Constable,Police Constable,17,Kalaburagi,105,Kalaburagi South Police Station,2025-04-04,1,Traffic,Day,151452,Active
498,KSPEMP000498,KSP-521315,Yug,Mishra,Yug Mishra,Female,2000-06-04,A+,9908044832,yug.mishra217@ksp.gov.in,Police Constable,Police Constable,29,Vijayanagara,171,Vijayanagara West Police Station,1997-06-28,29,Intelligence,Rotational,79081,Active
499,KSPEMP000499,KSP-367968,Ijaya,Chahal,Ijaya Chahal,Male,1986-01-17,A-,9883416300,ijaya.chahal499@ksp.gov.in,Police Constable,Police Constable,5,Bengaluru Urban,33,Electronic City Police Station,2025-05-18,1,Law & Order,Day,143219,Active
500,KSPEMP000500,KSP-493754,Shaurya,Panchal,Shaurya Panchal,Female,1999-12-21,A-,9872754731,shaurya.panchal162@ksp.gov.in,Police Constable,Police Constable,5,Bengaluru Urban,40,Banashankari Police Station,2014-04-02,12,Law & Order,Rotational,141712,Active
